[{"model": "admin.logentry", "pk": 1, "fields": {"action_time": "2022-11-09T16:26:07.397Z", "user": 1, "content_type": 9, "object_id": "2", "object_repr": "aaarons", "action_flag": 1, "change_message": "[{\"added\": {}}]"}}, {"model": "admin.logentry", "pk": 2, "fields": {"action_time": "2022-11-09T16:26:52.695Z", "user": 1, "content_type": 9, "object_id": "3", "object_repr": "bbailey", "action_flag": 1, "change_message": "[{\"added\": {}}]"}}, {"model": "admin.logentry", "pk": 3, "fields": {"action_time": "2022-11-09T16:27:44.238Z", "user": 1, "content_type": 9, "object_id": "4", "object_repr": "ccollins", "action_flag": 1, "change_message": "[{\"added\": {}}]"}}, {"model": "admin.logentry", "pk": 4, "fields": {"action_time": "2022-11-09T16:28:32.863Z", "user": 1, "content_type": 9, "object_id": "5", "object_repr": "ddelgado", "action_flag": 1, "change_message": "[{\"added\": {}}]"}}, {"model": "admin.logentry", "pk": 5, "fields": {"action_time": "2022-11-09T16:29:09.828Z", "user": 1, "content_type": 9, "object_id": "6", "object_repr": "eearl", "action_flag": 1, "change_message": "[{\"added\": {}}]"}}, {"model": "admin.logentry", "pk": 6, "fields": {"action_time": "2022-11-09T16:29:47.319Z", "user": 1, "content_type": 9, "object_id": "7", "object_repr": "fforbes", "action_flag": 1, "change_message": "[{\"added\": {}}]"}}, {"model": "admin.logentry", "pk": 7, "fields": {"action_time": "2022-11-09T16:32:04.298Z", "user": 1, "content_type": 6, "object_id": "1", "object_repr": "JobPosting object (1)", "action_flag": 1, "change_message": "[{\"added\": {}}]"}}, {"model": "admin.logentry", "pk": 8, "fields": {"action_time": "2022-11-09T16:33:03.717Z", "user": 1, "content_type": 6, "object_id": "2", "object_repr": "JobPosting object (2)", "action_flag": 1, "change_message": "[{\"added\": {}}]"}}, {"model": "admin.logentry", "pk": 9, "fields": {"action_time": "2022-11-09T16:34:12.882Z", "user": 1, "content_type": 6, "object_id": "3", "object_repr": "JobPosting object (3)", "action_flag": 1, "change_message": "[{\"added\": {}}]"}}, {"model": "admin.logentry", "pk": 10, "fields": {"action_time": "2022-11-09T16:34:46.114Z", "user": 1, "content_type": 6, "object_id": "4", "object_repr": "JobPosting object (4)", "action_flag": 1, "change_message": "[{\"added\": {}}]"}}, {"model": "admin.logentry", "pk": 11, "fields": {"action_time": "2022-11-09T16:35:26.219Z", "user": 1, "content_type": 6, "object_id": "5", "object_repr": "JobPosting object (5)", "action_flag": 1, "change_message": "[{\"added\": {}}]"}}, {"model": "admin.logentry", "pk": 12, "fields": {"action_time": "2022-11-09T16:35:55.355Z", "user": 1, "content_type": 6, "object_id": "6", "object_repr": "JobPosting object (6)", "action_flag": 1, "change_message": "[{\"added\": {}}]"}}, {"model": "admin.logentry", "pk": 13, "fields": {"action_time": "2022-11-09T16:36:52.685Z", "user": 1, "content_type": 8, "object_id": "1", "object_repr": "JobProcess object (1)", "action_flag": 1, "change_message": "[{\"added\": {}}]"}}, {"model": "admin.logentry", "pk": 14, "fields": {"action_time": "2022-11-09T16:37:06.822Z", "user": 1, "content_type": 8, "object_id": "2", "object_repr": "JobProcess object (2)", "action_flag": 1, "change_message": "[{\"added\": {}}]"}}, {"model": "admin.logentry", "pk": 15, "fields": {"action_time": "2022-11-09T16:37:14.334Z", "user": 1, "content_type": 8, "object_id": "3", "object_repr": "JobProcess object (3)", "action_flag": 1, "change_message": "[{\"added\": {}}]"}}, {"model": "admin.logentry", "pk": 16, "fields": {"action_time": "2022-11-09T16:37:27.326Z", "user": 1, "content_type": 8, "object_id": "4", "object_repr": "JobProcess object (4)", "action_flag": 1, "change_message": "[{\"added\": {}}]"}}, {"model": "admin.logentry", "pk": 17, "fields": {"action_time": "2022-11-09T16:37:36.500Z", "user": 1, "content_type": 8, "object_id": "5", "object_repr": "JobProcess object (5)", "action_flag": 1, "change_message": "[{\"added\": {}}]"}}, {"model": "admin.logentry", "pk": 18, "fields": {"action_time": "2022-11-09T16:37:44.109Z", "user": 1, "content_type": 8, "object_id": "6", "object_repr": "JobProcess object (6)", "action_flag": 1, "change_message": "[{\"added\": {}}]"}}, {"model": "admin.logentry", "pk": 19, "fields": {"action_time": "2022-11-09T16:38:05.291Z", "user": 1, "content_type": 7, "object_id": "1", "object_repr": "UserSaveForLater object (1)", "action_flag": 1, "change_message": "[{\"added\": {}}]"}}, {"model": "admin.logentry", "pk": 20, "fields": {"action_time": "2022-11-09T16:38:12.616Z", "user": 1, "content_type": 7, "object_id": "2", "object_repr": "UserSaveForLater object (2)", "action_flag": 1, "change_message": "[{\"added\": {}}]"}}, {"model": "admin.logentry", "pk": 21, "fields": {"action_time": "2022-11-09T16:38:43.282Z", "user": 1, "content_type": 9, "object_id": "7", "object_repr": "fforbes", "action_flag": 2, "change_message": "[]"}}, {"model": "admin.logentry", "pk": 22, "fields": {"action_time": "2022-11-09T16:38:48.611Z", "user": 1, "content_type": 9, "object_id": "6", "object_repr": "eearl", "action_flag": 2, "change_message": "[]"}}, {"model": "admin.logentry", "pk": 23, "fields": {"action_time": "2022-11-09T16:38:53.471Z", "user": 1, "content_type": 9, "object_id": "5", "object_repr": "ddelgado", "action_flag": 2, "change_message": "[]"}}, {"model": "admin.logentry", "pk": 24, "fields": {"action_time": "2022-11-09T16:38:58.014Z", "user": 1, "content_type": 9, "object_id": "4", "object_repr": "ccollins", "action_flag": 2, "change_message": "[]"}}, {"model": "admin.logentry", "pk": 25, "fields": {"action_time": "2022-11-10T14:42:55.870Z", "user": 1, "content_type": 8, "object_id": "5", "object_repr": "JobProcess object (5)", "action_flag": 2, "change_message": "[{\"changed\": {\"fields\": [\"Status\"]}}]"}}, {"model": "admin.logentry", "pk": 26, "fields": {"action_time": "2022-11-14T19:09:13.148Z", "user": 1, "content_type": 9, "object_id": "2", "object_repr": "aaarons", "action_flag": 2, "change_message": "[{\"changed\": {\"fields\": [\"password\"]}}]"}}, {"model": "admin.logentry", "pk": 27, "fields": {"action_time": "2022-11-14T19:11:16.606Z", "user": 1, "content_type": 9, "object_id": "3", "object_repr": "bbailey", "action_flag": 2, "change_message": "[{\"changed\": {\"fields\": [\"First name\"]}}]"}}, {"model": "admin.logentry", "pk": 28, "fields": {"action_time": "2022-11-14T19:11:26.808Z", "user": 1, "content_type": 9, "object_id": "3", "object_repr": "bbailey", "action_flag": 2, "change_message": "[{\"changed\": {\"fields\": [\"password\"]}}]"}}, {"model": "admin.logentry", "pk": 29, "fields": {"action_time": "2022-11-14T19:11:31.705Z", "user": 1, "content_type": 9, "object_id": "3", "object_repr": "bbailey", "action_flag": 2, "change_message": "[{\"changed\": {\"fields\": [\"First name\"]}}]"}}, {"model": "admin.logentry", "pk": 30, "fields": {"action_time": "2022-11-14T19:11:55.658Z", "user": 1, "content_type": 9, "object_id": "3", "object_repr": "bbailey", "action_flag": 2, "change_message": "[{\"changed\": {\"fields\": [\"First name\"]}}]"}}, {"model": "admin.logentry", "pk": 31, "fields": {"action_time": "2022-11-14T19:12:04.944Z", "user": 1, "content_type": 9, "object_id": "3", "object_repr": "bbailey", "action_flag": 2, "change_message": "[{\"changed\": {\"fields\": [\"password\"]}}]"}}, {"model": "admin.logentry", "pk": 32, "fields": {"action_time": "2022-11-14T19:12:12.814Z", "user": 1, "content_type": 9, "object_id": "3", "object_repr": "bbailey", "action_flag": 2, "change_message": "[{\"changed\": {\"fields\": [\"First name\"]}}]"}}, {"model": "admin.logentry", "pk": 33, "fields": {"action_time": "2022-11-14T19:12:44.057Z", "user": 1, "content_type": 9, "object_id": "4", "object_repr": "ccollins", "action_flag": 2, "change_message": "[{\"changed\": {\"fields\": [\"First name\"]}}]"}}, {"model": "admin.logentry", "pk": 34, "fields": {"action_time": "2022-11-14T19:12:50.933Z", "user": 1, "content_type": 9, "object_id": "4", "object_repr": "ccollins", "action_flag": 2, "change_message": "[{\"changed\": {\"fields\": [\"password\"]}}]"}}, {"model": "admin.logentry", "pk": 35, "fields": {"action_time": "2022-11-14T19:12:58.069Z", "user": 1, "content_type": 9, "object_id": "4", "object_repr": "ccollins", "action_flag": 2, "change_message": "[{\"changed\": {\"fields\": [\"First name\"]}}]"}}, {"model": "admin.logentry", "pk": 36, "fields": {"action_time": "2022-11-14T19:13:08.966Z", "user": 1, "content_type": 9, "object_id": "5", "object_repr": "ddelgado", "action_flag": 2, "change_message": "[{\"changed\": {\"fields\": [\"First name\"]}}]"}}, {"model": "admin.logentry", "pk": 37, "fields": {"action_time": "2022-11-14T19:13:18.015Z", "user": 1, "content_type": 9, "object_id": "5", "object_repr": "ddelgado", "action_flag": 2, "change_message": "[{\"changed\": {\"fields\": [\"password\"]}}]"}}, {"model": "admin.logentry", "pk": 38, "fields": {"action_time": "2022-11-14T19:13:24.821Z", "user": 1, "content_type": 9, "object_id": "5", "object_repr": "ddelgado", "action_flag": 2, "change_message": "[{\"changed\": {\"fields\": [\"First name\"]}}]"}}, {"model": "admin.logentry", "pk": 39, "fields": {"action_time": "2022-11-14T19:13:33.901Z", "user": 1, "content_type": 9, "object_id": "6", "object_repr": "eearl", "action_flag": 2, "change_message": "[{\"changed\": {\"fields\": [\"First name\"]}}]"}}, {"model": "admin.logentry", "pk": 40, "fields": {"action_time": "2022-11-14T19:13:40.312Z", "user": 1, "content_type": 9, "object_id": "6", "object_repr": "eearl", "action_flag": 2, "change_message": "[{\"changed\": {\"fields\": [\"password\"]}}]"}}, {"model": "admin.logentry", "pk": 41, "fields": {"action_time": "2022-11-14T19:13:44.821Z", "user": 1, "content_type": 9, "object_id": "6", "object_repr": "eearl", "action_flag": 2, "change_message": "[{\"changed\": {\"fields\": [\"First name\"]}}]"}}, {"model": "admin.logentry", "pk": 42, "fields": {"action_time": "2022-11-14T19:13:54.546Z", "user": 1, "content_type": 9, "object_id": "7", "object_repr": "fforbes", "action_flag": 2, "change_message": "[{\"changed\": {\"fields\": [\"First name\"]}}]"}}, {"model": "admin.logentry", "pk": 43, "fields": {"action_time": "2022-11-14T19:14:01.469Z", "user": 1, "content_type": 9, "object_id": "7", "object_repr": "fforbes", "action_flag": 2, "change_message": "[{\"changed\": {\"fields\": [\"password\"]}}]"}}, {"model": "admin.logentry", "pk": 44, "fields": {"action_time": "2022-11-14T19:14:06.005Z", "user": 1, "content_type": 9, "object_id": "7", "object_repr": "fforbes", "action_flag": 2, "change_message": "[{\"changed\": {\"fields\": [\"First name\"]}}]"}}, {"model": "admin.logentry", "pk": 45, "fields": {"action_time": "2022-11-14T19:14:37.178Z", "user": 1, "content_type": 9, "object_id": "1", "object_repr": "golf", "action_flag": 2, "change_message": "[{\"changed\": {\"fields\": [\"Rating\", \"Balance\"]}}]"}}, {"model": "admin.logentry", "pk": 46, "fields": {"action_time": "2022-11-14T19:15:31.158Z", "user": 1, "content_type": 6, "object_id": "5", "object_repr": "JobPosting object (5)", "action_flag": 2, "change_message": "[{\"changed\": {\"fields\": [\"Assigned\"]}}]"}}, {"model": "admin.logentry", "pk": 47, "fields": {"action_time": "2022-11-29T18:36:20.839Z", "user": 1, "content_type": 6, "object_id": "1", "object_repr": "Job object (1)", "action_flag": 2, "change_message": "[{\"changed\": {\"fields\": [\"Job description\", \"Posting time\"]}}]"}}, {"model": "admin.logentry", "pk": 48, "fields": {"action_time": "2022-11-29T18:47:59.562Z", "user": 1, "content_type": 6, "object_id": "1", "object_repr": "Job object (1)", "action_flag": 2, "change_message": "[{\"changed\": {\"fields\": [\"Job short description\", \"Job description\", \"Posting time\"]}}]"}}, {"model": "admin.logentry", "pk": 49, "fields": {"action_time": "2022-11-29T19:04:04.699Z", "user": 1, "content_type": 6, "object_id": "2", "object_repr": "Job object (2)", "action_flag": 2, "change_message": "[{\"changed\": {\"fields\": [\"Job short description\", \"Job description\", \"Posting time\", \"Deadline\"]}}]"}}, {"model": "admin.logentry", "pk": 50, "fields": {"action_time": "2022-11-29T19:06:59.653Z", "user": 1, "content_type": 6, "object_id": "1", "object_repr": "Job object (1)", "action_flag": 2, "change_message": "[{\"changed\": {\"fields\": [\"Job short description\", \"Job description\", \"Points\"]}}]"}}, {"model": "admin.logentry", "pk": 51, "fields": {"action_time": "2022-11-29T19:07:07.130Z", "user": 1, "content_type": 6, "object_id": "1", "object_repr": "Job object (1)", "action_flag": 2, "change_message": "[]"}}, {"model": "admin.logentry", "pk": 52, "fields": {"action_time": "2022-11-29T19:07:20.032Z", "user": 1, "content_type": 6, "object_id": "2", "object_repr": "Job object (2)", "action_flag": 2, "change_message": "[]"}}, {"model": "admin.logentry", "pk": 53, "fields": {"action_time": "2022-11-29T19:20:25.118Z", "user": 1, "content_type": 6, "object_id": "3", "object_repr": "Job object (3)", "action_flag": 2, "change_message": "[{\"changed\": {\"fields\": [\"Job title\", \"Job short description\", \"Job description\", \"Posting time\", \"Points\", \"Deadline\"]}}]"}}, {"model": "admin.logentry", "pk": 54, "fields": {"action_time": "2022-11-29T19:21:02.969Z", "user": 1, "content_type": 6, "object_id": "2", "object_repr": "Job object (2)", "action_flag": 2, "change_message": "[{\"changed\": {\"fields\": [\"Completed\"]}}]"}}, {"model": "admin.logentry", "pk": 55, "fields": {"action_time": "2022-11-29T19:21:08.472Z", "user": 1, "content_type": 6, "object_id": "1", "object_repr": "Job object (1)", "action_flag": 2, "change_message": "[]"}}, {"model": "admin.logentry", "pk": 56, "fields": {"action_time": "2022-11-29T19:28:45.841Z", "user": 1, "content_type": 6, "object_id": "4", "object_repr": "Job object (4)", "action_flag": 2, "change_message": "[{\"changed\": {\"fields\": [\"Job title\", \"Job short description\", \"Job description\", \"Posting time\", \"Deadline\"]}}]"}}, {"model": "admin.logentry", "pk": 57, "fields": {"action_time": "2022-11-29T19:35:29.997Z", "user": 1, "content_type": 6, "object_id": "5", "object_repr": "Job object (5)", "action_flag": 2, "change_message": "[{\"changed\": {\"fields\": [\"Job title\", \"Job short description\", \"Job description\", \"Posting time\", \"Completed\"]}}]"}}, {"model": "admin.logentry", "pk": 58, "fields": {"action_time": "2022-11-29T19:43:17.027Z", "user": 1, "content_type": 6, "object_id": "6", "object_repr": "Job object (6)", "action_flag": 2, "change_message": "[{\"changed\": {\"fields\": [\"Job description\", \"Posting time\", \"Deadline\"]}}]"}}, {"model": "admin.logentry", "pk": 59, "fields": {"action_time": "2022-11-30T00:29:17.623Z", "user": 1, "content_type": 6, "object_id": "2", "object_repr": "Job object (2)", "action_flag": 2, "change_message": "[{\"changed\": {\"fields\": [\"Job short description\", \"Points\"]}}]"}}, {"model": "admin.logentry", "pk": 60, "fields": {"action_time": "2022-11-30T14:19:52.804Z", "user": 1, "content_type": 6, "object_id": "7", "object_repr": "Job object (7)", "action_flag": 1, "change_message": "[{\"added\": {}}]"}}, {"model": "admin.logentry", "pk": 61, "fields": {"action_time": "2022-11-30T14:28:13.505Z", "user": 1, "content_type": 6, "object_id": "8", "object_repr": "Job object (8)", "action_flag": 1, "change_message": "[{\"added\": {}}]"}}, {"model": "admin.logentry", "pk": 62, "fields": {"action_time": "2022-11-30T14:35:10.650Z", "user": 1, "content_type": 6, "object_id": "9", "object_repr": "Job object (9)", "action_flag": 1, "change_message": "[{\"added\": {}}]"}}, {"model": "admin.logentry", "pk": 63, "fields": {"action_time": "2022-11-30T14:45:38.759Z", "user": 1, "content_type": 6, "object_id": "10", "object_repr": "Job object (10)", "action_flag": 1, "change_message": "[{\"added\": {}}]"}}, {"model": "admin.logentry", "pk": 64, "fields": {"action_time": "2022-11-30T14:50:29.113Z", "user": 1, "content_type": 6, "object_id": "8", "object_repr": "Job object (8)", "action_flag": 1, "change_message": "[{\"added\": {}}]"}}, {"model": "admin.logentry", "pk": 65, "fields": {"action_time": "2022-11-30T14:52:52.447Z", "user": 1, "content_type": 7, "object_id": "3", "object_repr": "Bookmark object (3)", "action_flag": 1, "change_message": "[{\"added\": {}}]"}}, {"model": "admin.logentry", "pk": 66, "fields": {"action_time": "2022-11-30T14:59:58.694Z", "user": 1, "content_type": 6, "object_id": "4", "object_repr": "Job object (4)", "action_flag": 2, "change_message": "[{\"changed\": {\"fields\": [\"Poster id\"]}}]"}}, {"model": "admin.logentry", "pk": 67, "fields": {"action_time": "2022-11-30T19:10:47.829Z", "user": 1, "content_type": 6, "object_id": "5", "object_repr": "Job object (5)", "action_flag": 2, "change_message": "[{\"changed\": {\"fields\": [\"Assigned\"]}}]"}}, {"model": "admin.logentry", "pk": 68, "fields": {"action_time": "2022-11-30T19:11:33.684Z", "user": 1, "content_type": 8, "object_id": "9", "object_repr": "Application object (9)", "action_flag": 1, "change_message": "[{\"added\": {}}]"}}, {"model": "admin.logentry", "pk": 69, "fields": {"action_time": "2022-11-30T19:12:56.478Z", "user": 1, "content_type": 6, "object_id": "8", "object_repr": "Job object (8)", "action_flag": 2, "change_message": "[{\"changed\": {\"fields\": [\"Poster id\"]}}]"}}, {"model": "admin.logentry", "pk": 70, "fields": {"action_time": "2022-11-30T19:13:15.518Z", "user": 1, "content_type": 6, "object_id": "10", "object_repr": "Job object (10)", "action_flag": 2, "change_message": "[{\"changed\": {\"fields\": [\"Poster id\", \"Assigned\"]}}]"}}, {"model": "admin.logentry", "pk": 71, "fields": {"action_time": "2022-11-30T19:13:34.471Z", "user": 1, "content_type": 8, "object_id": "10", "object_repr": "Application object (10)", "action_flag": 1, "change_message": "[{\"added\": {}}]"}}, {"model": "admin.logentry", "pk": 72, "fields": {"action_time": "2022-11-30T19:14:02.853Z", "user": 1, "content_type": 8, "object_id": "10", "object_repr": "Application object (10)", "action_flag": 2, "change_message": "[{\"changed\": {\"fields\": [\"Time of application\"]}}]"}}, {"model": "admin.logentry", "pk": 73, "fields": {"action_time": "2022-11-30T19:14:14.692Z", "user": 1, "content_type": 6, "object_id": "10", "object_repr": "Job object (10)", "action_flag": 2, "change_message": "[{\"changed\": {\"fields\": [\"Job title\"]}}]"}}, {"model": "admin.logentry", "pk": 74, "fields": {"action_time": "2023-02-13T10:54:18.658Z", "user": 1, "content_type": 10, "object_id": "1", "object_repr": "Room object (1)", "action_flag": 1, "change_message": "[{\"added\": {}}]"}}, {"model": "admin.logentry", "pk": 75, "fields": {"action_time": "2023-02-13T10:54:23.530Z", "user": 1, "content_type": 10, "object_id": "2", "object_repr": "Room object (2)", "action_flag": 1, "change_message": "[{\"added\": {}}]"}}, {"model": "admin.logentry", "pk": 76, "fields": {"action_time": "2023-02-13T10:55:15.218Z", "user": 1, "content_type": 6, "object_id": "4", "object_repr": "Job object (4)", "action_flag": 2, "change_message": "[{\"changed\": {\"fields\": [\"Job description\"]}}]"}}, {"model": "admin.logentry", "pk": 77, "fields": {"action_time": "2023-02-13T11:27:15.989Z", "user": 1, "content_type": 12, "object_id": "1", "object_repr": "Item object (1)", "action_flag": 1, "change_message": "[{\"added\": {}}]"}}, {"model": "admin.logentry", "pk": 78, "fields": {"action_time": "2023-02-13T12:29:19.361Z", "user": 1, "content_type": 12, "object_id": "1", "object_repr": "Item object (1)", "action_flag": 2, "change_message": "[]"}}, {"model": "admin.logentry", "pk": 79, "fields": {"action_time": "2023-02-13T12:29:22.811Z", "user": 1, "content_type": 12, "object_id": "1", "object_repr": "Item object (1)", "action_flag": 2, "change_message": "[{\"changed\": {\"fields\": [\"On offer\"]}}]"}}, {"model": "admin.logentry", "pk": 80, "fields": {"action_time": "2023-02-15T10:08:48.459Z", "user": 1, "content_type": 14, "object_id": "4", "object_repr": "Report object (4)", "action_flag": 3, "change_message": ""}}, {"model": "admin.logentry", "pk": 81, "fields": {"action_time": "2023-02-20T10:44:12.780Z", "user": 1, "content_type": 15, "object_id": "1", "object_repr": "Message object (1)", "action_flag": 1, "change_message": "[{\"added\": {}}]"}}, {"model": "admin.logentry", "pk": 82, "fields": {"action_time": "2023-02-20T10:44:20.956Z", "user": 1, "content_type": 15, "object_id": "2", "object_repr": "Message object (2)", "action_flag": 1, "change_message": "[{\"added\": {}}]"}}, {"model": "admin.logentry", "pk": 83, "fields": {"action_time": "2023-02-24T16:25:53.074Z", "user": 1, "content_type": 10, "object_id": "2", "object_repr": "aaarons", "action_flag": 2, "change_message": "[{\"changed\": {\"fields\": [\"Biography\", \"Profile picture\"]}}]"}}, {"model": "admin.logentry", "pk": 84, "fields": {"action_time": "2023-02-24T16:26:40.265Z", "user": 1, "content_type": 10, "object_id": "3", "object_repr": "bbailey", "action_flag": 2, "change_message": "[{\"changed\": {\"fields\": [\"Biography\", \"Profile picture\"]}}]"}}, {"model": "admin.logentry", "pk": 85, "fields": {"action_time": "2023-02-24T16:26:58.179Z", "user": 1, "content_type": 10, "object_id": "4", "object_repr": "ccollins", "action_flag": 2, "change_message": "[{\"changed\": {\"fields\": [\"Biography\", \"Profile picture\"]}}]"}}, {"model": "admin.logentry", "pk": 86, "fields": {"action_time": "2023-02-24T16:27:26.916Z", "user": 1, "content_type": 10, "object_id": "6", "object_repr": "eearl", "action_flag": 2, "change_message": "[{\"changed\": {\"fields\": [\"Biography\", \"Profile picture\"]}}]"}}, {"model": "admin.logentry", "pk": 87, "fields": {"action_time": "2023-02-24T16:27:53.465Z", "user": 1, "content_type": 10, "object_id": "5", "object_repr": "ddelgado", "action_flag": 2, "change_message": "[{\"changed\": {\"fields\": [\"Biography\", \"Profile picture\"]}}]"}}, {"model": "admin.logentry", "pk": 88, "fields": {"action_time": "2023-02-24T16:28:12.436Z", "user": 1, "content_type": 10, "object_id": "7", "object_repr": "fforbes", "action_flag": 2, "change_message": "[{\"changed\": {\"fields\": [\"Biography\", \"Profile picture\"]}}]"}}, {"model": "admin.logentry", "pk": 89, "fields": {"action_time": "2023-02-24T16:28:39.016Z", "user": 1, "content_type": 10, "object_id": "1", "object_repr": "golf", "action_flag": 2, "change_message": "[{\"changed\": {\"fields\": [\"Biography\", \"Profile picture\"]}}]"}}, {"model": "admin.logentry", "pk": 90, "fields": {"action_time": "2023-02-24T16:49:42.519Z", "user": 1, "content_type": 10, "object_id": "2", "object_repr": "aaarons", "action_flag": 2, "change_message": "[{\"changed\": {\"fields\": [\"Verified\"]}}]"}}, {"model": "admin.logentry", "pk": 91, "fields": {"action_time": "2023-02-24T16:49:52.069Z", "user": 1, "content_type": 10, "object_id": "3", "object_repr": "bbailey", "action_flag": 2, "change_message": "[{\"changed\": {\"fields\": [\"Verified\"]}}]"}}, {"model": "admin.logentry", "pk": 92, "fields": {"action_time": "2023-02-24T16:49:58.201Z", "user": 1, "content_type": 10, "object_id": "4", "object_repr": "ccollins", "action_flag": 2, "change_message": "[{\"changed\": {\"fields\": [\"Verified\"]}}]"}}, {"model": "admin.logentry", "pk": 93, "fields": {"action_time": "2023-02-24T16:50:03.797Z", "user": 1, "content_type": 10, "object_id": "5", "object_repr": "ddelgado", "action_flag": 2, "change_message": "[{\"changed\": {\"fields\": [\"Verified\"]}}]"}}, {"model": "admin.logentry", "pk": 94, "fields": {"action_time": "2023-02-24T16:50:56.884Z", "user": 1, "content_type": 10, "object_id": "6", "object_repr": "eearl", "action_flag": 2, "change_message": "[{\"changed\": {\"fields\": [\"Verified\"]}}]"}}, {"model": "admin.logentry", "pk": 95, "fields": {"action_time": "2023-02-24T16:51:04.670Z", "user": 1, "content_type": 10, "object_id": "7", "object_repr": "fforbes", "action_flag": 2, "change_message": "[{\"changed\": {\"fields\": [\"Verified\"]}}]"}}, {"model": "admin.logentry", "pk": 96, "fields": {"action_time": "2023-02-24T16:51:10.754Z", "user": 1, "content_type": 10, "object_id": "1", "object_repr": "golf", "action_flag": 2, "change_message": "[{\"changed\": {\"fields\": [\"Verified\"]}}]"}}, {"model": "admin.logentry", "pk": 97, "fields": {"action_time": "2023-02-25T00:32:10.397Z", "user": 1, "content_type": 11, "object_id": "1", "object_repr": "Notification object (1)", "action_flag": 1, "change_message": "[{\"added\": {}}]"}}, {"model": "admin.logentry", "pk": 98, "fields": {"action_time": "2023-02-25T00:36:59.333Z", "user": 1, "content_type": 11, "object_id": "1", "object_repr": "Notification object (1)", "action_flag": 2, "change_message": "[{\"changed\": {\"fields\": [\"Link\"]}}]"}}, {"model": "admin.logentry", "pk": 99, "fields": {"action_time": "2023-02-25T00:41:06.920Z", "user": 1, "content_type": 11, "object_id": "2", "object_repr": "Notification object (2)", "action_flag": 1, "change_message": "[{\"added\": {}}]"}}, {"model": "admin.logentry", "pk": 100, "fields": {"action_time": "2023-02-25T00:43:20.854Z", "user": 1, "content_type": 11, "object_id": "1", "object_repr": "Notification object (1)", "action_flag": 2, "change_message": "[{\"changed\": {\"fields\": [\"Seen\"]}}]"}}, {"model": "admin.logentry", "pk": 101, "fields": {"action_time": "2023-02-25T00:43:23.937Z", "user": 1, "content_type": 11, "object_id": "2", "object_repr": "Notification object (2)", "action_flag": 2, "change_message": "[{\"changed\": {\"fields\": [\"Seen\"]}}]"}}, {"model": "admin.logentry", "pk": 102, "fields": {"action_time": "2023-02-25T10:16:42.215Z", "user": 1, "content_type": 11, "object_id": "2", "object_repr": "Notification object (2)", "action_flag": 3, "change_message": ""}}, {"model": "admin.logentry", "pk": 103, "fields": {"action_time": "2023-02-25T10:16:42.218Z", "user": 1, "content_type": 11, "object_id": "1", "object_repr": "Notification object (1)", "action_flag": 3, "change_message": ""}}, {"model": "admin.logentry", "pk": 104, "fields": {"action_time": "2023-02-27T10:22:40.763Z", "user": 1, "content_type": 14, "object_id": "2", "object_repr": "Item object (2)", "action_flag": 1, "change_message": "[{\"added\": {}}]"}}, {"model": "admin.logentry", "pk": 105, "fields": {"action_time": "2023-02-27T10:23:16.776Z", "user": 1, "content_type": 14, "object_id": "3", "object_repr": "Item object (3)", "action_flag": 1, "change_message": "[{\"added\": {}}]"}}, {"model": "admin.logentry", "pk": 106, "fields": {"action_time": "2023-02-27T10:23:45.486Z", "user": 1, "content_type": 14, "object_id": "4", "object_repr": "Item object (4)", "action_flag": 1, "change_message": "[{\"added\": {}}]"}}, {"model": "admin.logentry", "pk": 107, "fields": {"action_time": "2023-02-27T10:24:10.731Z", "user": 1, "content_type": 14, "object_id": "5", "object_repr": "Item object (5)", "action_flag": 1, "change_message": "[{\"added\": {}}]"}}, {"model": "admin.logentry", "pk": 108, "fields": {"action_time": "2023-02-27T10:24:37.471Z", "user": 1, "content_type": 14, "object_id": "6", "object_repr": "Item object (6)", "action_flag": 1, "change_message": "[{\"added\": {}}]"}}, {"model": "admin.logentry", "pk": 109, "fields": {"action_time": "2023-03-01T15:19:32.456Z", "user": 1, "content_type": 10, "object_id": "1", "object_repr": "golf", "action_flag": 2, "change_message": "[{\"changed\": {\"fields\": [\"Super user\"]}}]"}}, {"model": "admin.logentry", "pk": 110, "fields": {"action_time": "2023-03-02T11:12:40.488Z", "user": 1, "content_type": 14, "object_id": "1", "object_repr": "Item object (1)", "action_flag": 2, "change_message": "[{\"changed\": {\"fields\": [\"Item picture\"]}}]"}}, {"model": "admin.logentry", "pk": 111, "fields": {"action_time": "2023-03-02T11:12:48.628Z", "user": 1, "content_type": 14, "object_id": "2", "object_repr": "Item object (2)", "action_flag": 2, "change_message": "[{\"changed\": {\"fields\": [\"Item picture\"]}}]"}}, {"model": "admin.logentry", "pk": 112, "fields": {"action_time": "2023-03-02T11:13:01.380Z", "user": 1, "content_type": 14, "object_id": "3", "object_repr": "Item object (3)", "action_flag": 2, "change_message": "[{\"changed\": {\"fields\": [\"Item picture\"]}}]"}}, {"model": "admin.logentry", "pk": 113, "fields": {"action_time": "2023-03-02T11:13:08.566Z", "user": 1, "content_type": 14, "object_id": "4", "object_repr": "Item object (4)", "action_flag": 2, "change_message": "[{\"changed\": {\"fields\": [\"Item picture\"]}}]"}}, {"model": "admin.logentry", "pk": 114, "fields": {"action_time": "2023-03-02T11:13:15.350Z", "user": 1, "content_type": 14, "object_id": "6", "object_repr": "Item object (6)", "action_flag": 2, "change_message": "[{\"changed\": {\"fields\": [\"Item picture\"]}}]"}}, {"model": "admin.logentry", "pk": 115, "fields": {"action_time": "2023-03-02T11:13:35.623Z", "user": 1, "content_type": 14, "object_id": "5", "object_repr": "Item object (5)", "action_flag": 2, "change_message": "[{\"changed\": {\"fields\": [\"Item picture\"]}}]"}}, {"model": "admin.logentry", "pk": 116, "fields": {"action_time": "2023-03-03T15:13:28.097Z", "user": 1, "content_type": 6, "object_id": "23", "object_repr": "Job object (23)", "action_flag": 3, "change_message": ""}}, {"model": "admin.logentry", "pk": 117, "fields": {"action_time": "2023-03-03T15:13:32.967Z", "user": 1, "content_type": 6, "object_id": "22", "object_repr": "Job object (22)", "action_flag": 3, "change_message": ""}}, {"model": "admin.logentry", "pk": 118, "fields": {"action_time": "2023-03-03T15:13:39.725Z", "user": 1, "content_type": 6, "object_id": "21", "object_repr": "Job object (21)", "action_flag": 3, "change_message": ""}}, {"model": "admin.logentry", "pk": 119, "fields": {"action_time": "2023-03-03T15:13:44.013Z", "user": 1, "content_type": 6, "object_id": "20", "object_repr": "Job object (20)", "action_flag": 3, "change_message": ""}}, {"model": "admin.logentry", "pk": 120, "fields": {"action_time": "2023-03-03T15:13:47.895Z", "user": 1, "content_type": 6, "object_id": "19", "object_repr": "Job object (19)", "action_flag": 3, "change_message": ""}}, {"model": "admin.logentry", "pk": 121, "fields": {"action_time": "2023-03-03T15:13:51.276Z", "user": 1, "content_type": 6, "object_id": "18", "object_repr": "Job object (18)", "action_flag": 3, "change_message": ""}}, {"model": "admin.logentry", "pk": 122, "fields": {"action_time": "2023-03-03T15:13:54.610Z", "user": 1, "content_type": 6, "object_id": "17", "object_repr": "Job object (17)", "action_flag": 3, "change_message": ""}}, {"model": "admin.logentry", "pk": 123, "fields": {"action_time": "2023-03-03T15:13:57.625Z", "user": 1, "content_type": 6, "object_id": "16", "object_repr": "Job object (16)", "action_flag": 3, "change_message": ""}}, {"model": "admin.logentry", "pk": 124, "fields": {"action_time": "2023-03-03T15:14:01.343Z", "user": 1, "content_type": 6, "object_id": "15", "object_repr": "Job object (15)", "action_flag": 3, "change_message": ""}}, {"model": "admin.logentry", "pk": 125, "fields": {"action_time": "2023-03-03T15:14:41.716Z", "user": 1, "content_type": 11, "object_id": "12", "object_repr": "Notification object (12)", "action_flag": 3, "change_message": ""}}, {"model": "admin.logentry", "pk": 126, "fields": {"action_time": "2023-03-03T15:14:58.828Z", "user": 1, "content_type": 11, "object_id": "11", "object_repr": "Notification object (11)", "action_flag": 3, "change_message": ""}}, {"model": "admin.logentry", "pk": 127, "fields": {"action_time": "2023-03-03T15:14:58.833Z", "user": 1, "content_type": 11, "object_id": "10", "object_repr": "Notification object (10)", "action_flag": 3, "change_message": ""}}, {"model": "admin.logentry", "pk": 128, "fields": {"action_time": "2023-03-03T15:14:58.835Z", "user": 1, "content_type": 11, "object_id": "9", "object_repr": "Notification object (9)", "action_flag": 3, "change_message": ""}}, {"model": "admin.logentry", "pk": 129, "fields": {"action_time": "2023-03-03T15:14:58.843Z", "user": 1, "content_type": 11, "object_id": "8", "object_repr": "Notification object (8)", "action_flag": 3, "change_message": ""}}, {"model": "admin.logentry", "pk": 130, "fields": {"action_time": "2023-03-03T15:14:58.844Z", "user": 1, "content_type": 11, "object_id": "7", "object_repr": "Notification object (7)", "action_flag": 3, "change_message": ""}}, {"model": "admin.logentry", "pk": 131, "fields": {"action_time": "2023-03-03T15:14:58.847Z", "user": 1, "content_type": 11, "object_id": "6", "object_repr": "Notification object (6)", "action_flag": 3, "change_message": ""}}, {"model": "admin.logentry", "pk": 132, "fields": {"action_time": "2023-03-03T15:14:58.849Z", "user": 1, "content_type": 11, "object_id": "5", "object_repr": "Notification object (5)", "action_flag": 3, "change_message": ""}}, {"model": "admin.logentry", "pk": 133, "fields": {"action_time": "2023-03-03T15:14:58.851Z", "user": 1, "content_type": 11, "object_id": "4", "object_repr": "Notification object (4)", "action_flag": 3, "change_message": ""}}, {"model": "admin.logentry", "pk": 134, "fields": {"action_time": "2023-03-03T15:14:58.852Z", "user": 1, "content_type": 11, "object_id": "3", "object_repr": "Notification object (3)", "action_flag": 3, "change_message": ""}}, {"model": "admin.logentry", "pk": 135, "fields": {"action_time": "2023-03-03T15:14:58.854Z", "user": 1, "content_type": 11, "object_id": "2", "object_repr": "Notification object (2)", "action_flag": 3, "change_message": ""}}, {"model": "admin.logentry", "pk": 136, "fields": {"action_time": "2023-03-03T15:14:58.860Z", "user": 1, "content_type": 11, "object_id": "1", "object_repr": "Notification object (1)", "action_flag": 3, "change_message": ""}}, {"model": "admin.logentry", "pk": 137, "fields": {"action_time": "2023-03-03T15:15:43.360Z", "user": 1, "content_type": 6, "object_id": "12", "object_repr": "Job object (12)", "action_flag": 3, "change_message": ""}}, {"model": "admin.logentry", "pk": 138, "fields": {"action_time": "2023-03-03T15:15:48.780Z", "user": 1, "content_type": 6, "object_id": "14", "object_repr": "Job object (14)", "action_flag": 3, "change_message": ""}}, {"model": "admin.logentry", "pk": 139, "fields": {"action_time": "2023-03-03T15:15:56.650Z", "user": 1, "content_type": 6, "object_id": "13", "object_repr": "Job object (13)", "action_flag": 3, "change_message": ""}}, {"model": "admin.logentry", "pk": 140, "fields": {"action_time": "2023-03-03T15:16:00.952Z", "user": 1, "content_type": 6, "object_id": "11", "object_repr": "Job object (11)", "action_flag": 3, "change_message": ""}}, {"model": "admin.logentry", "pk": 141, "fields": {"action_time": "2023-03-03T15:59:58.682Z", "user": 1, "content_type": 10, "object_id": "6", "object_repr": "eearl", "action_flag": 2, "change_message": "[{\"changed\": {\"fields\": [\"Frozen balance\"]}}]"}}, {"model": "admin.logentry", "pk": 142, "fields": {"action_time": "2023-03-03T16:00:11.080Z", "user": 1, "content_type": 10, "object_id": "7", "object_repr": "fforbes", "action_flag": 2, "change_message": "[{\"changed\": {\"fields\": [\"Frozen balance\"]}}]"}}, {"model": "admin.logentry", "pk": 143, "fields": {"action_time": "2023-03-03T16:00:20.579Z", "user": 1, "content_type": 10, "object_id": "3", "object_repr": "bbailey", "action_flag": 2, "change_message": "[{\"changed\": {\"fields\": [\"Frozen balance\"]}}]"}}, {"model": "admin.logentry", "pk": 144, "fields": {"action_time": "2023-03-03T16:00:34.226Z", "user": 1, "content_type": 10, "object_id": "1", "object_repr": "golf", "action_flag": 2, "change_message": "[{\"changed\": {\"fields\": [\"Frozen balance\"]}}]"}}, {"model": "admin.logentry", "pk": 145, "fields": {"action_time": "2023-03-03T16:00:47.186Z", "user": 1, "content_type": 10, "object_id": "2", "object_repr": "aaarons", "action_flag": 2, "change_message": "[{\"changed\": {\"fields\": [\"Frozen balance\"]}}]"}}, {"model": "admin.logentry", "pk": 146, "fields": {"action_time": "2023-03-10T12:03:22.799Z", "user": 1, "content_type": 21, "object_id": "2", "object_repr": "Moderation object (2)", "action_flag": 1, "change_message": "[{\"added\": {}}]"}}, {"model": "admin.logentry", "pk": 147, "fields": {"action_time": "2023-03-10T12:03:36.563Z", "user": 1, "content_type": 21, "object_id": "1", "object_repr": "Moderation object (1)", "action_flag": 1, "change_message": "[{\"added\": {}}]"}}, {"model": "admin.logentry", "pk": 148, "fields": {"action_time": "2023-03-13T20:02:59.576Z", "user": 1, "content_type": 11, "object_id": "2", "object_repr": "aaarons", "action_flag": 2, "change_message": "[{\"changed\": {\"fields\": [\"Super user\"]}}]"}}, {"model": "admin.logentry", "pk": 149, "fields": {"action_time": "2023-03-13T20:03:07.429Z", "user": 1, "content_type": 11, "object_id": "3", "object_repr": "bbailey", "action_flag": 2, "change_message": "[{\"changed\": {\"fields\": [\"Super user\"]}}]"}}, {"model": "admin.logentry", "pk": 150, "fields": {"action_time": "2023-03-13T20:03:52.912Z", "user": 1, "content_type": 11, "object_id": "4", "object_repr": "ccollins", "action_flag": 2, "change_message": "[{\"changed\": {\"fields\": [\"Super user\"]}}]"}}, {"model": "admin.logentry", "pk": 151, "fields": {"action_time": "2023-03-13T20:05:47.400Z", "user": 1, "content_type": 11, "object_id": "8", "object_repr": "stanimals", "action_flag": 1, "change_message": "[{\"added\": {}}]"}}, {"model": "admin.logentry", "pk": 152, "fields": {"action_time": "2023-03-13T20:08:07.264Z", "user": 1, "content_type": 11, "object_id": "8", "object_repr": "stanimals", "action_flag": 2, "change_message": "[{\"changed\": {\"fields\": [\"First name\", \"Biography\", \"Profile id\", \"Verified\"]}}]"}}, {"model": "admin.logentry", "pk": 153, "fields": {"action_time": "2023-03-13T20:08:29.970Z", "user": 1, "content_type": 11, "object_id": "8", "object_repr": "stanimals", "action_flag": 2, "change_message": "[{\"changed\": {\"fields\": [\"Email address\"]}}]"}}, {"model": "admin.logentry", "pk": 154, "fields": {"action_time": "2023-03-13T20:54:54.259Z", "user": 1, "content_type": 11, "object_id": "8", "object_repr": "stanimals", "action_flag": 2, "change_message": "[{\"changed\": {\"fields\": [\"Profile id\"]}}]"}}, {"model": "admin.logentry", "pk": 155, "fields": {"action_time": "2023-03-13T20:57:34.561Z", "user": 1, "content_type": 11, "object_id": "9", "object_repr": "students4students", "action_flag": 1, "change_message": "[{\"added\": {}}]"}}, {"model": "admin.logentry", "pk": 156, "fields": {"action_time": "2023-03-13T20:59:00.599Z", "user": 1, "content_type": 11, "object_id": "9", "object_repr": "students4students", "action_flag": 2, "change_message": "[{\"changed\": {\"fields\": [\"First name\", \"Email address\", \"Biography\", \"Profile id\", \"Verified\"]}}]"}}, {"model": "admin.logentry", "pk": 157, "fields": {"action_time": "2023-03-13T20:59:08.014Z", "user": 1, "content_type": 11, "object_id": "9", "object_repr": "students4students", "action_flag": 2, "change_message": "[]"}}, {"model": "admin.logentry", "pk": 158, "fields": {"action_time": "2023-03-15T19:00:14.477Z", "user": 1, "content_type": 11, "object_id": "10", "object_repr": "MarcusCampbell", "action_flag": 1, "change_message": "[{\"added\": {}}]"}}, {"model": "admin.logentry", "pk": 159, "fields": {"action_time": "2023-03-15T19:07:17.871Z", "user": 1, "content_type": 11, "object_id": "11", "object_repr": "LeonKennedy", "action_flag": 1, "change_message": "[{\"added\": {}}]"}}, {"model": "admin.logentry", "pk": 160, "fields": {"action_time": "2023-03-15T19:09:07.453Z", "user": 1, "content_type": 11, "object_id": "12", "object_repr": "AliConners", "action_flag": 1, "change_message": "[{\"added\": {}}]"}}, {"model": "admin.logentry", "pk": 161, "fields": {"action_time": "2023-03-15T19:12:19.449Z", "user": 1, "content_type": 11, "object_id": "12", "object_repr": "AliCons2001", "action_flag": 2, "change_message": "[{\"changed\": {\"fields\": [\"Username\", \"First name\", \"Last name\", \"Email address\", \"Biography\", \"Balance\", \"Verified\"]}}]"}}, {"model": "admin.logentry", "pk": 162, "fields": {"action_time": "2023-03-15T20:26:41.668Z", "user": 1, "content_type": 11, "object_id": "11", "object_repr": "LeonKennedy", "action_flag": 2, "change_message": "[{\"changed\": {\"fields\": [\"First name\", \"Last name\", \"Email address\", \"Biography\", \"Balance\", \"Verified\"]}}]"}}, {"model": "admin.logentry", "pk": 163, "fields": {"action_time": "2023-03-15T20:29:01.324Z", "user": 1, "content_type": 11, "object_id": "10", "object_repr": "TrubullsMarcus", "action_flag": 2, "change_message": "[{\"changed\": {\"fields\": [\"Username\", \"First name\", \"Last name\", \"Email address\", \"Biography\", \"Balance\"]}}]"}}, {"model": "admin.logentry", "pk": 164, "fields": {"action_time": "2023-03-15T20:29:23.018Z", "user": 1, "content_type": 11, "object_id": "10", "object_repr": "TrubullsMarcus", "action_flag": 2, "change_message": "[]"}}, {"model": "admin.logentry", "pk": 165, "fields": {"action_time": "2023-03-15T20:31:54.187Z", "user": 1, "content_type": 11, "object_id": "13", "object_repr": "TheFandango", "action_flag": 1, "change_message": "[{\"added\": {}}]"}}, {"model": "admin.logentry", "pk": 166, "fields": {"action_time": "2023-03-15T20:34:29.149Z", "user": 1, "content_type": 11, "object_id": "13", "object_repr": "TheFandango", "action_flag": 2, "change_message": "[{\"changed\": {\"fields\": [\"First name\", \"Last name\", \"Email address\", \"Biography\", \"Balance\"]}}]"}}, {"model": "admin.logentry", "pk": 167, "fields": {"action_time": "2023-03-15T20:38:23.193Z", "user": 1, "content_type": 11, "object_id": "10", "object_repr": "TrumbullsMarcus", "action_flag": 2, "change_message": "[{\"changed\": {\"fields\": [\"Username\"]}}]"}}, {"model": "admin.logentry", "pk": 168, "fields": {"action_time": "2023-03-19T17:49:34.455Z", "user": 1, "content_type": 11, "object_id": "14", "object_repr": "Jackson", "action_flag": 1, "change_message": "[{\"added\": {}}]"}}, {"model": "admin.logentry", "pk": 169, "fields": {"action_time": "2023-03-19T17:50:04.314Z", "user": 1, "content_type": 11, "object_id": "14", "object_repr": "Jackson", "action_flag": 2, "change_message": "[{\"changed\": {\"fields\": [\"Biography\", \"Guardian\"]}}]"}}, {"model": "admin.logentry", "pk": 170, "fields": {"action_time": "2023-03-19T17:50:25.609Z", "user": 1, "content_type": 11, "object_id": "15", "object_repr": "Vikon", "action_flag": 1, "change_message": "[{\"added\": {}}]"}}, {"model": "admin.logentry", "pk": 171, "fields": {"action_time": "2023-03-19T17:50:38.092Z", "user": 1, "content_type": 11, "object_id": "15", "object_repr": "Vikon", "action_flag": 2, "change_message": "[{\"changed\": {\"fields\": [\"Biography\", \"Guardian\"]}}]"}}, {"model": "admin.logentry", "pk": 172, "fields": {"action_time": "2023-03-19T17:50:54.570Z", "user": 1, "content_type": 11, "object_id": "16", "object_repr": "VolunteerBeat", "action_flag": 1, "change_message": "[{\"added\": {}}]"}}, {"model": "admin.logentry", "pk": 173, "fields": {"action_time": "2023-03-19T17:51:00.386Z", "user": 1, "content_type": 11, "object_id": "16", "object_repr": "VolunteerBeat", "action_flag": 2, "change_message": "[{\"changed\": {\"fields\": [\"Biography\", \"Guardian\"]}}]"}}, {"model": "admin.logentry", "pk": 174, "fields": {"action_time": "2023-03-19T17:51:21.267Z", "user": 1, "content_type": 11, "object_id": "17", "object_repr": "Zayn", "action_flag": 1, "change_message": "[{\"added\": {}}]"}}, {"model": "admin.logentry", "pk": 175, "fields": {"action_time": "2023-03-19T17:51:38.099Z", "user": 1, "content_type": 11, "object_id": "17", "object_repr": "Zayn", "action_flag": 2, "change_message": "[{\"changed\": {\"fields\": [\"Biography\"]}}]"}}, {"model": "admin.logentry", "pk": 176, "fields": {"action_time": "2023-03-19T17:52:00.249Z", "user": 1, "content_type": 11, "object_id": "18", "object_repr": "Charlotte", "action_flag": 1, "change_message": "[{\"added\": {}}]"}}, {"model": "admin.logentry", "pk": 177, "fields": {"action_time": "2023-03-19T17:52:09.462Z", "user": 1, "content_type": 11, "object_id": "18", "object_repr": "Charlotte", "action_flag": 2, "change_message": "[{\"changed\": {\"fields\": [\"Biography\"]}}]"}}, {"model": "admin.logentry", "pk": 178, "fields": {"action_time": "2023-03-19T18:31:46.291Z", "user": 1, "content_type": 11, "object_id": "17", "object_repr": "Zayn", "action_flag": 2, "change_message": "[{\"changed\": {\"fields\": [\"Verified\"]}}]"}}, {"model": "admin.logentry", "pk": 179, "fields": {"action_time": "2023-03-19T18:35:48.878Z", "user": 1, "content_type": 11, "object_id": "14", "object_repr": "Jackson", "action_flag": 2, "change_message": "[{\"changed\": {\"fields\": [\"Verified\"]}}]"}}, {"model": "admin.logentry", "pk": 180, "fields": {"action_time": "2023-03-19T18:38:15.853Z", "user": 1, "content_type": 11, "object_id": "14", "object_repr": "Jackson", "action_flag": 2, "change_message": "[{\"changed\": {\"fields\": [\"Superuser status\"]}}]"}}, {"model": "admin.logentry", "pk": 181, "fields": {"action_time": "2023-03-19T18:39:44.701Z", "user": 1, "content_type": 19, "object_id": "3", "object_repr": "Report object (3)", "action_flag": 2, "change_message": "[{\"changed\": {\"fields\": [\"Status\"]}}]"}}, {"model": "admin.logentry", "pk": 182, "fields": {"action_time": "2023-03-19T18:39:55.691Z", "user": 1, "content_type": 19, "object_id": "3", "object_repr": "Report object (3)", "action_flag": 2, "change_message": "[{\"changed\": {\"fields\": [\"Reporting user\"]}}]"}}, {"model": "admin.logentry", "pk": 183, "fields": {"action_time": "2023-03-19T18:40:51.399Z", "user": 1, "content_type": 19, "object_id": "3", "object_repr": "Report object (3)", "action_flag": 3, "change_message": ""}}, {"model": "admin.logentry", "pk": 184, "fields": {"action_time": "2023-03-19T18:40:56.561Z", "user": 1, "content_type": 19, "object_id": "1", "object_repr": "Report object (1)", "action_flag": 3, "change_message": ""}}, {"model": "admin.logentry", "pk": 185, "fields": {"action_time": "2023-03-19T18:54:40.319Z", "user": 1, "content_type": 20, "object_id": "6", "object_repr": "ReportTicket object (6)", "action_flag": 2, "change_message": "[{\"changed\": {\"fields\": [\"Answer\", \"Status\"]}}]"}}, {"model": "admin.logentry", "pk": 186, "fields": {"action_time": "2023-03-20T01:01:31.970Z", "user": 1, "content_type": 20, "object_id": "4", "object_repr": "ReportTicket object (4)", "action_flag": 2, "change_message": "[{\"changed\": {\"fields\": [\"Answer\", \"Status\"]}}]"}}, {"model": "admin.logentry", "pk": 187, "fields": {"action_time": "2023-03-20T01:01:45.964Z", "user": 1, "content_type": 19, "object_id": "2", "object_repr": "Report object (2)", "action_flag": 3, "change_message": ""}}, {"model": "admin.logentry", "pk": 188, "fields": {"action_time": "2023-03-20T10:55:55.241Z", "user": 1, "content_type": 11, "object_id": "18", "object_repr": "Charlotte", "action_flag": 2, "change_message": "[{\"changed\": {\"fields\": [\"Last name\", \"Email address\"]}}]"}}, {"model": "admin.logentry", "pk": 189, "fields": {"action_time": "2023-03-20T10:56:17.938Z", "user": 1, "content_type": 11, "object_id": "18", "object_repr": "Charlotte", "action_flag": 2, "change_message": "[{\"changed\": {\"fields\": [\"Last name\"]}}]"}}, {"model": "admin.logentry", "pk": 190, "fields": {"action_time": "2023-03-20T10:56:32.332Z", "user": 1, "content_type": 11, "object_id": "18", "object_repr": "Charlotte", "action_flag": 2, "change_message": "[{\"changed\": {\"fields\": [\"First name\"]}}]"}}, {"model": "admin.logentry", "pk": 191, "fields": {"action_time": "2023-03-20T10:56:51.364Z", "user": 1, "content_type": 11, "object_id": "14", "object_repr": "Jackson", "action_flag": 2, "change_message": "[{\"changed\": {\"fields\": [\"First name\", \"Last name\", \"Email address\"]}}]"}}, {"model": "admin.logentry", "pk": 192, "fields": {"action_time": "2023-03-20T10:57:08.093Z", "user": 1, "content_type": 11, "object_id": "15", "object_repr": "Vikon", "action_flag": 2, "change_message": "[{\"changed\": {\"fields\": [\"First name\", \"Last name\", \"Email address\"]}}]"}}, {"model": "admin.logentry", "pk": 193, "fields": {"action_time": "2023-03-20T10:57:27.576Z", "user": 1, "content_type": 11, "object_id": "16", "object_repr": "VolunteerBeat", "action_flag": 2, "change_message": "[{\"changed\": {\"fields\": [\"First name\", \"Last name\", \"Email address\"]}}]"}}, {"model": "admin.logentry", "pk": 194, "fields": {"action_time": "2023-03-20T10:57:55.205Z", "user": 1, "content_type": 11, "object_id": "17", "object_repr": "Zayn", "action_flag": 2, "change_message": "[{\"changed\": {\"fields\": [\"First name\", \"Last name\", \"Email address\"]}}]"}}, {"model": "admin.logentry", "pk": 195, "fields": {"action_time": "2023-04-14T09:21:23.686Z", "user": 1, "content_type": 11, "object_id": "19", "object_repr": "aidoo", "action_flag": 1, "change_message": "[{\"added\": {}}]"}}, {"model": "admin.logentry", "pk": 196, "fields": {"action_time": "2023-04-14T09:22:20.634Z", "user": 1, "content_type": 11, "object_id": "19", "object_repr": "aidoo", "action_flag": 2, "change_message": "[{\"changed\": {\"fields\": [\"First name\", \"Last name\", \"Email address\", \"Verified\", \"Guardian\"]}}]"}}, {"model": "admin.logentry", "pk": 197, "fields": {"action_time": "2023-04-14T09:25:59.123Z", "user": 1, "content_type": 11, "object_id": "19", "object_repr": "aidoo", "action_flag": 2, "change_message": "[{\"changed\": {\"fields\": [\"Balance\"]}}]"}}, {"model": "admin.logentry", "pk": 198, "fields": {"action_time": "2023-04-28T08:17:58.729Z", "user": 1, "content_type": 15, "object_id": "3", "object_repr": "Item object (3)", "action_flag": 2, "change_message": "[{\"changed\": {\"fields\": [\"Limit per user\"]}}]"}}, {"model": "admin.logentry", "pk": 199, "fields": {"action_time": "2023-04-28T08:18:14.890Z", "user": 1, "content_type": 15, "object_id": "3", "object_repr": "Item object (3)", "action_flag": 2, "change_message": "[{\"changed\": {\"fields\": [\"Limit per user\"]}}]"}}, {"model": "sessions.session", "pk": "15pja2b5xyw5xk2d50rksssoc8f4zz9c", "fields": {"session_data": ".eJxVjEEOwiAQAP_C2ZBiobAevfcNZGEXqRpISnsy_l1JetDrzGRewuO-Zb83Xv1C4iKUOP2ygPHBpQu6Y7lVGWvZ1iXInsjDNjlX4uf1aP8GGVvuW-0sD4bhTKg1qpEH0M44C9YhcVTEaoKvV3YkcDzFQAijTSm4xGTE-wPQ4jgv:1p0OYE:6BmdoqgIwxF6Nqf6SFogMiLXxJTL2fTzisbawcJXeYI", "expire_date": "2022-12-14T14:59:06.776Z"}}, {"model": "sessions.session", "pk": "1unpglj0ao4tpk06gep5wdn8i3uhgsur", "fields": {"session_data": ".eJxVjMsOwiAQRf-FtSFQ3i7d-w0EZgapGkhKuzL-uzbpQrf3nHNfLKZtrXEbtMQZ2ZlJdvrdcoIHtR3gPbVb59DbusyZ7wo_6ODXjvS8HO7fQU2jfmsHumBwVEjo7GUJOYB3Cp1Wxhjlc5Fo7RTKBFZn4wnAEghNCb1Hgez9AfO4OIY:1psJHy:rB4BPTNShZ6BTk1mqUIXuXtVNm9qFhG_l6jEf_Oifn8", "expire_date": "2023-05-12T08:17:10.703Z"}}, {"model": "sessions.session", "pk": "2lq7x9ki05f81n8jdq0a69d4r8c5qb2t", "fields": {"session_data": ".eJxVjMsOwiAQRf-FtSEgw8ul-34DGWCQqoGktCvjv2uTLnR7zzn3xQJuaw3boCXMmV2YZKffLWJ6UNtBvmO7dZ56W5c58l3hBx186pme18P9O6g46rd20XrwNhatjQSjsGigs1EQgYRAit5ZKUVCYRHBO6EJtCxWeStNLom9P8J6Nxw:1pY4C7:2RDHANfc6w4AzRQWb108Yj4Lg7NK8UT-cXpF2aABa7o", "expire_date": "2023-03-17T12:07:27.954Z"}}, {"model": "sessions.session", "pk": "4g0hz21hhv3l410jkssbf43s82lq9xqo", "fields": {"session_data": ".eJxVjMsOwiAURP-FtSHlUWhduvcbyL1wsVVTGqBujP8uTbrQxWxmzpw3c7DVyW2FspsDOzPJTr8dgn_Qsg_hDsstcZ-WmmfkO8KPtfBrCvS8HOyfYIIytbcZIonReoUkyEiLwqKxWuuoFQivepASW-zQWyu16UaMfQgxRNF5LVSTrnl-QSVXAZtwTaUW9vkC7UY_JQ:1pnGYq:hj8wSdEVzYVOryBjt5000K2lXclsGqXL0a-WB42iIq4", "expire_date": "2023-04-28T10:21:44.509Z"}}, {"model": "sessions.session", "pk": "4mlqtcne5t7aih80rwk2q5xxy4tmeg71", "fields": {"session_data": ".eJxVjDsOwjAQBe_iGln5-EtJzxms9e6aBFAcxQ4N4u4kUgpo38ybtwiw1iGshZcwkjiLVpx-twj44GkHdIfpliXmqS5jlLsiD1rkNRM_L4f7FxigDNvbokrkLSduVHRt8tGjsz1Z1WutexdTS8Z0PnVoVNSOEQ1joxjIOWr26LyML6gcKsQtOOdSi_h8ASUfQD4:1pnG5l:BV5dVaO0IgBWByP6pjjGicLAEOIPvOJROF5gQPff-OM", "expire_date": "2023-04-28T09:51:41.397Z"}}, {"model": "sessions.session", "pk": "4ng317mx87xz6kwxmtr91p5tdm3bjrg5", "fields": {"session_data": ".eJxVjEEOwiAQRe_C2hAoAoNL9z0DmWFQqgaS0q6Md7dNutDte-__t4i4LiWuPc9xYnERWpx-GWF65roLfmC9N5laXeaJ5J7Iw3Y5Ns6v69H-HRTsZVvDmTxoCJwUOoveERkVgCDRjckFTE6zzdoPYaMDKkbPFozKGoz3KD5f53M34Q:1ot8lj:BXtPE_9vm2MAxKk3EqjjJ6TQABZgTWuugXheneeKFOU", "expire_date": "2022-11-24T14:43:03.060Z"}}, {"model": "sessions.session", "pk": "4xp8p8hhcf97da8pnxi0g80y3pzll59n", "fields": {"session_data": ".eJxVjMsOwiAQRf-FtSFQ3i7d-w0EZgapGkhKuzL-uzbpQrf3nHNfLKZtrXEbtMQZ2ZlJdvrdcoIHtR3gPbVb59DbusyZ7wo_6ODXjvS8HO7fQU2jfmsHumBwVEjo7GUJOYB3Cp1Wxhjlc5Fo7RTKBFZn4wnAEghNCb1Hgez9AfO4OIY:1pnFrb:_CuoNp9NBPGLv3gMC48Lgu0gfVX89umkld4lNonbJa0", "expire_date": "2023-04-28T09:37:03.056Z"}}, {"model": "sessions.session", "pk": "4ymv1knrhshtvlqf9nlmlfqa3skgbhiq", "fields": {"session_data": ".eJxVjMsOwiAQRf-FtSEgw8ul-34DGWCQqoGktCvjv2uTLnR7zzn3xQJuaw3boCXMmV2YZKffLWJ6UNtBvmO7dZ56W5c58l3hBx186pme18P9O6g46rd20XrwNhatjQSjsGigs1EQgYRAit5ZKUVCYRHBO6EJtCxWeStNLom9P8J6Nxw:1pWL98:ZUJ5YaSGB5fFmUAnVlco5pFpKXexhh9OgGcFokrij5M", "expire_date": "2023-03-12T17:49:14.855Z"}}, {"model": "sessions.session", "pk": "5489lf9hol557gfwruk5izqujswfkdig", "fields": {"session_data": ".eJxVjMsOwiAQRf-FtSEgw8ul-34DGWCQqoGktCvjv2uTLnR7zzn3xQJuaw3boCXMmV2YZKffLWJ6UNtBvmO7dZ56W5c58l3hBx186pme18P9O6g46rd20XrwNhatjQSjsGigs1EQgYRAit5ZKUVCYRHBO6EJtCxWeStNLom9P8J6Nxw:1pcRO0:C7jel9rXs7visb9PDQv1kwqhtU2XLw2cA90svQ0ktqA", "expire_date": "2023-03-29T13:41:48.190Z"}}, {"model": "sessions.session", "pk": "68a1ylxiqva71isb7vca82cwqdxas4bd", "fields": {"session_data": ".eJxVjMsOwiAQRf-FtSFQ3i7d-w0EZgapGkhKuzL-uzbpQrf3nHNfLKZtrXEbtMQZ2ZlJdvrdcoIHtR3gPbVb59DbusyZ7wo_6ODXjvS8HO7fQU2jfmsHumBwVEjo7GUJOYB3Cp1Wxhjlc5Fo7RTKBFZn4wnAEghNCb1Hgez9AfO4OIY:1pk06b:RqKo4dml6AAn22MxYwGBUSTUvCcafDsyTQU4xKRhkEA", "expire_date": "2023-04-19T10:11:05.071Z"}}, {"model": "sessions.session", "pk": "7ldgn8esal0s86k3zkmicus5vgafzikr", "fields": {"session_data": ".eJxVjMsOwiAQRf-FtSEgw8ul-34DGWCQqoGktCvjv2uTLnR7zzn3xQJuaw3boCXMmV2YZKffLWJ6UNtBvmO7dZ56W5c58l3hBx186pme18P9O6g46rd20XrwNhatjQSjsGigs1EQgYRAit5ZKUVCYRHBO6EJtCxWeStNLom9P8J6Nxw:1pViNJ:k3bPxe5jHYaRZVHBC5BjFuRf7xa25-kvUS8gRrNwRTE", "expire_date": "2023-03-11T00:25:17.135Z"}}, {"model": "sessions.session", "pk": "7tep14cz0j13mbbv8nggkz6no7lpu0ub", "fields": {"session_data": ".eJxVjEEOwiAQAP_C2ZBiobAevfcNZGEXqRpISnsy_l1JetDrzGRewuO-Zb83Xv1C4iKUOP2ygPHBpQu6Y7lVGWvZ1iXInsjDNjlX4uf1aP8GGVvuW-0sD4bhTKg1qpEH0M44C9YhcVTEaoKvV3YkcDzFQAijTSm4xGTE-wPQ4jgv:1p0OQx:igZNHOYwDsvgO0Vd-W-HzigFXbVN_d1Qa-fDW0lzQZ8", "expire_date": "2022-12-14T14:51:35.930Z"}}, {"model": "sessions.session", "pk": "94p948a0w8qyjd0vneq216s6myirh9n0", "fields": {"session_data": ".eJxVjEEOwiAQAP_C2ZBiobAevfcNZGEXqRpISnsy_l1JetDrzGRewuO-Zb83Xv1C4iKUOP2ygPHBpQu6Y7lVGWvZ1iXInsjDNjlX4uf1aP8GGVvuW-0sD4bhTKg1qpEH0M44C9YhcVTEaoKvV3YkcDzFQAijTSm4xGTE-wPQ4jgv:1ozhGf:tVuCHKhKCOfA1ilQWu7fkRR9PvRNXtqtifZWuNzL8xw", "expire_date": "2022-12-12T16:46:05.793Z"}}, {"model": "sessions.session", "pk": "a2fjjur3tw8upng9wrjnu64suu30fqnr", "fields": {"session_data": ".eJxVjMsOwiAQRf-FtSEgw8ul-34DGWCQqoGktCvjv2uTLnR7zzn3xQJuaw3boCXMmV2YZKffLWJ6UNtBvmO7dZ56W5c58l3hBx186pme18P9O6g46rd20XrwNhatjQSjsGigs1EQgYRAit5ZKUVCYRHBO6EJtCxWeStNLom9P8J6Nxw:1pWaJv:6OtkCrkFyEMBdtDG9l8Q5UUJLYJziMlE4Gqt2ayAeaQ", "expire_date": "2023-03-13T10:01:23.630Z"}}, {"model": "sessions.session", "pk": "api7eooou7o73itucyjyllpiwjb83sfg", "fields": {"session_data": ".eJxVjEEOwiAQAP_C2ZBiobAevfcNZGEXqRpISnsy_l1JetDrzGRewuO-Zb83Xv1C4iKUOP2ygPHBpQu6Y7lVGWvZ1iXInsjDNjlX4uf1aP8GGVvuW-0sD4bhTKg1qpEH0M44C9YhcVTEaoKvV3YkcDzFQAijTSm4xGTE-wPQ4jgv:1oyc2s:5MhX8WT-tyRV0-CHnitWdXApaGyzY1ebB42kjElvqB0", "expire_date": "2022-12-09T16:59:22.781Z"}}, {"model": "sessions.session", "pk": "b11ul403plg480n0a0zguo61s3xadpsw", "fields": {"session_data": ".eJxVjMsOwiAQRf-FtSFQ3i7d-w0EZgapGkhKuzL-uzbpQrf3nHNfLKZtrXEbtMQZ2ZlJdvrdcoIHtR3gPbVb59DbusyZ7wo_6ODXjvS8HO7fQU2jfmsHumBwVEjo7GUJOYB3Cp1Wxhjlc5Fo7RTKBFZn4wnAEghNCb1Hgez9AfO4OIY:1pmfCO:VvkkRYLTf9CPvk_rl8bNyHg_ekOkkTtFhwV-XxEGKIE", "expire_date": "2023-04-26T18:28:04.084Z"}}, {"model": "sessions.session", "pk": "b365gx8rkpk6aajanvrk2ff246qh3tms", "fields": {"session_data": ".eJxVjMsOwiAQRf-FtSEgw8ul-34DGWCQqoGktCvjv2uTLnR7zzn3xQJuaw3boCXMmV2YZKffLWJ6UNtBvmO7dZ56W5c58l3hBx186pme18P9O6g46rd20XrwNhatjQSjsGigs1EQgYRAit5ZKUVCYRHBO6EJtCxWeStNLom9P8J6Nxw:1pVstv:rLVWNH6coC_tFHDJP7xi8eiZigPZsojdpKvxl9mSUqo", "expire_date": "2023-03-11T11:39:39.730Z"}}, {"model": "sessions.session", "pk": "bi6st3nya5x7k8wk9zara45m7amgdebp", "fields": {"session_data": ".eJxVjjsOwjAQRO_iGln5-EtJzxms9e6aGFCCYocGcXewlALaeTNP8xIBtjqFrfAaMomj6MXhN4uAN54boCvMl0XiMtc1R9kqcqdFnhfi-2nv_gkmKNN3bVEl8pYTdyq6Pvno0dmRrBq11qOLqSdjBp8GNCpqx4iGsVMM5Bx1TfpY8xMqhwqx3eEK-V7E-wOmDUDr:1pn4n0:QvCZHFz9tjMJpphvthKUnzIBFTivjxKLxLEdIxbvMEA", "expire_date": "2023-04-27T21:47:34.667Z"}}, {"model": "sessions.session", "pk": "cer7xey223jweehl9w2nk4exv5jgr2rd", "fields": {"session_data": ".eJxVjMsOwiAQRf-FtSEgw8ul-34DGWCQqoGktCvjv2uTLnR7zzn3xQJuaw3boCXMmV2YZKffLWJ6UNtBvmO7dZ56W5c58l3hBx186pme18P9O6g46rd20XrwNhatjQSjsGigs1EQgYRAit5ZKUVCYRHBO6EJtCxWeStNLom9P8J6Nxw:1pabSe:Z0ABcixSNgmdw1FDZ5_hAdMBb56uj1sDMib0CkcxFnw", "expire_date": "2023-03-24T12:03:00.191Z"}}, {"model": "sessions.session", "pk": "cuz79d3h8mq7xllq3ev5374eqts6qx80", "fields": {"session_data": ".eJxVjMsOwiAQRf-FtSFQ3i7d-w0EZgapGkhKuzL-uzbpQrf3nHNfLKZtrXEbtMQZ2ZlJdvrdcoIHtR3gPbVb59DbusyZ7wo_6ODXjvS8HO7fQU2jfmsHumBwVEjo7GUJOYB3Cp1Wxhjlc5Fo7RTKBFZn4wnAEghNCb1Hgez9AfO4OIY:1pjz0m:fY9GJLmmBLcjqJkZYAL4pQ0SJn_UMLSNmfXxk4QmVhI", "expire_date": "2023-04-19T09:01:00.880Z"}}, {"model": "sessions.session", "pk": "df9mfl3abtf55ka99b9zg4kbnfpv4867", "fields": {"session_data": ".eJxVjEEOwiAQRe_C2hAoAoNL9z0DmWFQqgaS0q6Md7dNutDte-__t4i4LiWuPc9xYnERWpx-GWF65roLfmC9N5laXeaJ5J7Iw3Y5Ns6v69H-HRTsZVvDmTxoCJwUOoveERkVgCDRjckFTE6zzdoPYaMDKkbPFozKGoz3KD5f53M34Q:1ovJpN:TBzT4IKxLoz-C6M6lTcV-xh3I5BR-t23aW-IbDb8CwQ", "expire_date": "2022-11-30T14:55:49.608Z"}}, {"model": "sessions.session", "pk": "dvjqb9lrpll5sr247wk983m1kcy0no8z", "fields": {"session_data": ".eJxVjMsOwiAQRf-FtSGUoTxcuvcbyMCArZrSFOrG-O-2SRe6vefc82Ye1zb4tabFj8TOzLDT7xYwPtK0A7rjdCs8lqktY-C7wg9a-bVQel4O9y8wYB22dwZjEUiCBG16MgaCdkQqYp8limwBFAjtXDKGbBa6dza6pCQI6jB0W3Rexhe25BuGLTiX2ir7fAHf-j7i:1pcUkm:_L8swi12KugaMaidhSXxAERxoeGZfcZb3PfzXPZ3_Hs", "expire_date": "2023-03-29T17:17:32.933Z"}}, {"model": "sessions.session", "pk": "en31rhvzfaj6zdsi94de08g2leiarp1k", "fields": {"session_data": ".eJxVjMsOwiAQRf-FtSEgw8ul-34DGWCQqoGktCvjv2uTLnR7zzn3xQJuaw3boCXMmV2YZKffLWJ6UNtBvmO7dZ56W5c58l3hBx186pme18P9O6g46rd20XrwNhatjQSjsGigs1EQgYRAit5ZKUVCYRHBO6EJtCxWeStNLom9P8J6Nxw:1pRWU4:68MVNu5oyJWEomiko_Bx2yC0CMmi53bPHGkeSP0DORQ", "expire_date": "2023-02-27T10:54:56.291Z"}}, {"model": "sessions.session", "pk": "g8g457p5o0rlfumnrfsrrpvvykzl16uw", "fields": {"session_data": ".eJxVjMsOwiAQRf-FtSEgw8ul-34DGWCQqoGktCvjv2uTLnR7zzn3xQJuaw3boCXMmV2YZKffLWJ6UNtBvmO7dZ56W5c58l3hBx186pme18P9O6g46rd20XrwNhatjQSjsGigs1EQgYRAit5ZKUVCYRHBO6EJtCxWeStNLom9P8J6Nxw:1pY6MD:G67WHHKkGjdEqUH6-PBz1rdBbKDhKyWwgF4G7y1LScE", "expire_date": "2023-03-17T14:26:01.970Z"}}, {"model": "sessions.session", "pk": "grmwu4eh21d3pqxj844tl7441kwaj7en", "fields": {"session_data": ".eJxVjMsOwiAQRf-FtSEgw8ul-34DGWCQqoGktCvjv2uTLnR7zzn3xQJuaw3boCXMmV2YZKffLWJ6UNtBvmO7dZ56W5c58l3hBx186pme18P9O6g46rd20XrwNhatjQSjsGigs1EQgYRAit5ZKUVCYRHBO6EJtCxWeStNLom9P8J6Nxw:1pe3t4:Hai0dvWuwRFK8PlJDJIyIcsEfqtSB1jplkD4IzXk5HA", "expire_date": "2023-04-03T01:00:34.347Z"}}, {"model": "sessions.session", "pk": "hfudxz7t1ksing413muehwb3cnadn4q3", "fields": {"session_data": ".eJxVjMsOwiAQRf-FtSEgw8ul-34DGWCQqoGktCvjv2uTLnR7zzn3xQJuaw3boCXMmV2YZKffLWJ6UNtBvmO7dZ56W5c58l3hBx186pme18P9O6g46rd20XrwNhatjQSjsGigs1EQgYRAit5ZKUVCYRHBO6EJtCxWeStNLom9P8J6Nxw:1pXgss:Rixc1aIpz4gAXssdJNez3DcjcDDYSr-MA5F07chHO_E", "expire_date": "2023-03-16T11:14:02.368Z"}}, {"model": "sessions.session", "pk": "ib3y783z36l30r3fj9zala8qqfapyyyh", "fields": {"session_data": ".eJxVjEEOwiAQRe_C2hAoAoNL9z0DmWFQqgaS0q6Md7dNutDte-__t4i4LiWuPc9xYnERWpx-GWF65roLfmC9N5laXeaJ5J7Iw3Y5Ns6v69H-HRTsZVvDmTxoCJwUOoveERkVgCDRjckFTE6zzdoPYaMDKkbPFozKGoz3KD5f53M34Q:1ovehJ:jyfRgVfGCwuzio6KbTjRUvUr0fv8AnIWxaR2qlYd_bA", "expire_date": "2022-12-01T13:12:53.331Z"}}, {"model": "sessions.session", "pk": "jm7r1dxatiy8q6iexx2im0dmxru484p3", "fields": {"session_data": ".eJxVjEEOwiAQRe_C2hAoAoNL9z0DmWFQqgaS0q6Md7dNutDte-__t4i4LiWuPc9xYnERWpx-GWF65roLfmC9N5laXeaJ5J7Iw3Y5Ns6v69H-HRTsZVvDmTxoCJwUOoveERkVgCDRjckFTE6zzdoPYaMDKkbPFozKGoz3KD5f53M34Q:1ouevI:qRqZyTC9RwCjzNgIrc8TKxwA_57mLOgTKOny8RJXSSY", "expire_date": "2022-11-28T19:15:12.982Z"}}, {"model": "sessions.session", "pk": "ltk3xkc7pidka1ddnn4bbx9m1tezonz0", "fields": {"session_data": ".eJxVjMsOwiAQRf-FtSFQ3i7d-w0EZgapGkhKuzL-uzbpQrf3nHNfLKZtrXEbtMQZ2ZlJdvrdcoIHtR3gPbVb59DbusyZ7wo_6ODXjvS8HO7fQU2jfmsHumBwVEjo7GUJOYB3Cp1Wxhjlc5Fo7RTKBFZn4wnAEghNCb1Hgez9AfO4OIY:1pk4L5:xbi4pjiPZrpHxZIkdqAuv80QcVtRwlSRFnCc-mWZ8DA", "expire_date": "2023-04-19T14:42:19.076Z"}}, {"model": "sessions.session", "pk": "mpktg7bwzsn4xjwl9u0xukyx35pvq6qz", "fields": {"session_data": ".eJxVjMsOwiAQRf-FtSEgw8ul-34DGWCQqoGktCvjv2uTLnR7zzn3xQJuaw3boCXMmV2YZKffLWJ6UNtBvmO7dZ56W5c58l3hBx186pme18P9O6g46rd20XrwNhatjQSjsGigs1EQgYRAit5ZKUVCYRHBO6EJtCxWeStNLom9P8J6Nxw:1pY6m8:xJldMsrxbwct0kMgLAWn22Q1EyVkbZdlNgcsGiVDEqs", "expire_date": "2023-03-17T14:52:48.998Z"}}, {"model": "sessions.session", "pk": "nleepr2fzhaxieq6gx6zh63pp537qpxg", "fields": {"session_data": ".eJxVjMsOwiAURP-FtSHAldK6dN9vIPeBUjU0Ke3K-O_SpAtdTXLmzLxVxG3NcatpiZOoi7KgTr-QkJ-p7I08sNxnzXNZl4n0ruijrXqcJb2uh_t3kLHmtibxnRMG4ZaBACwMSJ6pIZMADXMSG5y9OUJ37m0IlmnA3ghyF7z6fAEhujih:1pcY16:u1HFThHgXYWturr6UI14Xd1XG2nl-avaPKDYs-2BmUQ", "expire_date": "2023-03-29T20:46:36.544Z"}}, {"model": "sessions.session", "pk": "oimlt2j6w3gr0d2qg6gs2roog7rt6x1x", "fields": {"session_data": ".eJxVjEEOwiAQAP_C2ZBiobAevfcNZGEXqRpISnsy_l1JetDrzGRewuO-Zb83Xv1C4iKUOP2ygPHBpQu6Y7lVGWvZ1iXInsjDNjlX4uf1aP8GGVvuW-0sD4bhTKg1qpEH0M44C9YhcVTEaoKvV3YkcDzFQAijTSm4xGTE-wPQ4jgv:1oyZBc:O4p71H8PuXfZeDGAZWoHWKRp94aIblbToPjuLBHfGso", "expire_date": "2022-12-09T13:56:12.174Z"}}, {"model": "sessions.session", "pk": "omxc5zox1d9e0w7eu08rpqzf6g2hfzwu", "fields": {"session_data": ".eJxVjMsOwiAQRf-FtSFQ3i7d-w0EZgapGkhKuzL-uzbpQrf3nHNfLKZtrXEbtMQZ2ZlJdvrdcoIHtR3gPbVb59DbusyZ7wo_6ODXjvS8HO7fQU2jfmsHumBwVEjo7GUJOYB3Cp1Wxhjlc5Fo7RTKBFZn4wnAEghNCb1Hgez9AfO4OIY:1pnFrH:ctkaPe0pw_fhViB3ZerLp920QO81LmNV03GhpQ5CIu0", "expire_date": "2023-04-28T09:36:43.750Z"}}, {"model": "sessions.session", "pk": "qj85k3dh1487953pke540iemuzn4xbxu", "fields": {"session_data": ".eJxVjMsOwiAQRf-FtSEgw8ul-34DGWCQqoGktCvjv2uTLnR7zzn3xQJuaw3boCXMmV2YZKffLWJ6UNtBvmO7dZ56W5c58l3hBx186pme18P9O6g46rd20XrwNhatjQSjsGigs1EQgYRAit5ZKUVCYRHBO6EJtCxWeStNLom9P8J6Nxw:1pZu2f:JBuhzxFtYSOxVuTu91aZ-s8t4cSy90SSu6G2JYVLDfA", "expire_date": "2023-03-22T13:41:17.893Z"}}, {"model": "sessions.session", "pk": "ql7gvpe6lcvm98r40z31ncgq2g3tyzhx", "fields": {"session_data": ".eJxVjMsOwiAQRf-FtSFQ3i7d-w0EZgapGkhKuzL-uzbpQrf3nHNfLKZtrXEbtMQZ2ZlJdvrdcoIHtR3gPbVb59DbusyZ7wo_6ODXjvS8HO7fQU2jfmsHumBwVEjo7GUJOYB3Cp1Wxhjlc5Fo7RTKBFZn4wnAEghNCb1Hgez9AfO4OIY:1pnFcb:eRy3JLkk5eEmGZk6I7OMPR4fLT3iryyvmFD8jJQt-xc", "expire_date": "2023-04-28T09:21:33.665Z"}}, {"model": "sessions.session", "pk": "qnzu5s8lx924ywps8jnbo366xb690g3q", "fields": {"session_data": ".eJxVjMsOwiAQRf-FtSEgw8ul-34DGWCQqoGktCvjv2uTLnR7zzn3xQJuaw3boCXMmV2YZKffLWJ6UNtBvmO7dZ56W5c58l3hBx186pme18P9O6g46rd20XrwNhatjQSjsGigs1EQgYRAit5ZKUVCYRHBO6EJtCxWeStNLom9P8J6Nxw:1pWaba:eotdhf6O5ZDjdohfBjWw0M0kTRkewRsyc_l01vxAQ-I", "expire_date": "2023-03-13T10:19:38.684Z"}}, {"model": "sessions.session", "pk": "r080tx9t5gbayc089wcg5kf9z5xnu2cd", "fields": {"session_data": ".eJxVjEEOwiAQAP_C2ZBiobAevfcNZGEXqRpISnsy_l1JetDrzGRewuO-Zb83Xv1C4iKUOP2ygPHBpQu6Y7lVGWvZ1iXInsjDNjlX4uf1aP8GGVvuW-0sD4bhTKg1qpEH0M44C9YhcVTEaoKvV3YkcDzFQAijTSm4xGTE-wPQ4jgv:1p0NmB:paErcHASm2QA6DYBFg-4Bzg0C7iTHpu7NdwHjvkWPEM", "expire_date": "2022-12-14T14:09:27.018Z"}}, {"model": "sessions.session", "pk": "regsnn7gt70guxiiq6awxvh6y260t76p", "fields": {"session_data": ".eJxVjMsOwiAQRf-FtSEgw8ul-34DGWCQqoGktCvjv2uTLnR7zzn3xQJuaw3boCXMmV2YZKffLWJ6UNtBvmO7dZ56W5c58l3hBx186pme18P9O6g46rd20XrwNhatjQSjsGigs1EQgYRAit5ZKUVCYRHBO6EJtCxWeStNLom9P8J6Nxw:1p3OBy:-brAFIAxLoUBMAQ5gOPMmGS70-x72OWo3Rj5AQFNNQ8", "expire_date": "2022-12-22T21:12:30.990Z"}}, {"model": "sessions.session", "pk": "sv61yahz4f3lw1i9dg25ytwum82h5dca", "fields": {"session_data": ".eJxVjMsOwiAQRf-FtSEgw8ul-34DGWCQqoGktCvjv2uTLnR7zzn3xQJuaw3boCXMmV2YZKffLWJ6UNtBvmO7dZ56W5c58l3hBx186pme18P9O6g46rd20XrwNhatjQSjsGigs1EQgYRAit5ZKUVCYRHBO6EJtCxWeStNLom9P8J6Nxw:1pSEht:jx0WqOxTPND7tGrdDReRQ5usteCmnoxhtnQYh9eVoPM", "expire_date": "2023-03-01T10:08:09.496Z"}}, {"model": "sessions.session", "pk": "thsxopqc7tnyf2mznk0odsk0vq9f03xq", "fields": {"session_data": ".eJxVjMsOwiAQRf-FtSEgw8ul-34DGWCQqoGktCvjv2uTLnR7zzn3xQJuaw3boCXMmV2YZKffLWJ6UNtBvmO7dZ56W5c58l3hBx186pme18P9O6g46rd20XrwNhatjQSjsGigs1EQgYRAit5ZKUVCYRHBO6EJtCxWeStNLom9P8J6Nxw:1pboMq:VlVTPYnh9dLvHB95hKf56VUl8ABmdPLhEamjbQgyrMg", "expire_date": "2023-03-27T20:02:00.963Z"}}, {"model": "sessions.session", "pk": "tk7yxz7k75vfmqvjcd1ztx46uh9pwsyb", "fields": {"session_data": ".eJxVjMEOwiAQRP-FsyEUCwWP3v0GssvuStXQpLQn47_bJj3oaZJ5b-atEqxLSWvjOY2kLsqq02-HkJ9cd0APqPdJ56ku84h6V_RBm75NxK_r4f4dFGhlWwv0aGLncxxcHxjPgE46O1DYkg1F57MjyRZMsCJWDBAysljDmaNXny8CfjlU:1pY4rG:BMDE2s7HFTGNIcnZEqKQczw2L3en6-ky_8e3pB_prjg", "expire_date": "2023-03-17T12:49:58.704Z"}}, {"model": "sessions.session", "pk": "u467zj502v4p85lc78f1lp336rvq8pdy", "fields": {"session_data": ".eJxVjDsOwjAQBe_iGln5-EtJzxms9e6aBFAcxQ4N4u4kUgpo38ybtwiw1iGshZcwkjiLVpx-twj44GkHdIfpliXmqS5jlLsiD1rkNRM_L4f7FxigDNvbokrkLSduVHRt8tGjsz1Z1WutexdTS8Z0PnVoVNSOEQ1joxjIOWr26LyML6gcKsQtOOdSi_h8ASUfQD4:1pnGOn:AMBGNZZ925jCEy4Kt9Hbj7FH8GiAgPcxYq8KaV75F9Y", "expire_date": "2023-04-28T10:11:21.948Z"}}, {"model": "sessions.session", "pk": "v93msef68nss504i76z7sxyv4geilb7g", "fields": {"session_data": ".eJxVjEEOwiAQRe_C2hBKYTq4dN8zkIEBqRqalHZlvLtt0oVu33v_v4WnbS1-a2nxE4ur6Jy4_MJA8ZnqYfhB9T7LONd1mYI8EnnaJseZ0-t2tn8HhVrZ173NGJTWROwiJeTQUTbI2Q0WUwTX79AY65Awk2OdldIGAIiThgHE5wsr9jiF:1pnH87:bfN7vyfj9qdrsQbgJG0edZMicGdus64pd-rJbcD-8VE", "expire_date": "2023-04-28T10:58:11.738Z"}}, {"model": "sessions.session", "pk": "vcvfj7fmnain8a8nxt6d7aumy24uvahp", "fields": {"session_data": ".eJxVjEEOwiAQRe_C2hAoAoNL9z0DmWFQqgaS0q6Md7dNutDte-__t4i4LiWuPc9xYnERWpx-GWF65roLfmC9N5laXeaJ5J7Iw3Y5Ns6v69H-HRTsZVvDmTxoCJwUOoveERkVgCDRjckFTE6zzdoPYaMDKkbPFozKGoz3KD5f53M34Q:1oso5l:OqKUOPs8iwbSUruowtXdlD8nI2Dq8355Xrw-6n_MSJE", "expire_date": "2022-11-23T16:38:21.063Z"}}, {"model": "sessions.session", "pk": "xjgpfeoj2b43c266yngi4bpwowx87mv2", "fields": {"session_data": ".eJxVjEEOwiAQAP_C2ZBiobAevfcNZGEXqRpISnsy_l1JetDrzGRewuO-Zb83Xv1C4iKUOP2ygPHBpQu6Y7lVGWvZ1iXInsjDNjlX4uf1aP8GGVvuW-0sD4bhTKg1qpEH0M44C9YhcVTEaoKvV3YkcDzFQAijTSm4xGTE-wPQ4jgv:1p0OGL:Uk7PNHdt9lgr4CteAJv3O7W0RJfTCD_PRW3Vxj1VKvo", "expire_date": "2022-12-14T14:40:37.947Z"}}, {"model": "sessions.session", "pk": "z7sti0xw0k2ojfuujyrodr6359qmublr", "fields": {"session_data": ".eJxVjEEOwiAQAP_C2ZBiobAevfcNZGEXqRpISnsy_l1JetDrzGRewuO-Zb83Xv1C4iKUOP2ygPHBpQu6Y7lVGWvZ1iXInsjDNjlX4uf1aP8GGVvuW-0sD4bhTKg1qpEH0M44C9YhcVTEaoKvV3YkcDzFQAijTSm4xGTE-wPQ4jgv:1p0Nh8:3bEsk8vPlXrNFA6mLL1hAwEnckUUZIjGxAtVrid5k28", "expire_date": "2022-12-14T14:04:14.768Z"}}, {"model": "sessions.session", "pk": "zfe1yqfo522pts8ue6wxrywvw6muky5z", "fields": {"session_data": ".eJxVjMsOwiAQRf-FtSEgw8ul-34DGWCQqoGktCvjv2uTLnR7zzn3xQJuaw3boCXMmV2YZKffLWJ6UNtBvmO7dZ56W5c58l3hBx186pme18P9O6g46rd20XrwNhatjQSjsGigs1EQgYRAit5ZKUVCYRHBO6EJtCxWeStNLom9P8J6Nxw:1pW40M:8SjbNbQA6A5IvzD41Yv5DQ3rkV3dZZ_v-gxelvoWDX0", "expire_date": "2023-03-11T23:31:02.682Z"}}, {"model": "sites.site", "pk": 1, "fields": {"domain": "https://aidoo.herokuapp.com", "name": "Heroku"}}, {"model": "sites.site", "pk": 2, "fields": {"domain": "http://127.0.0.1:8000", "name": "Local"}}, {"model": "jobs.job", "pk": 1, "fields": {"poster_id": 4, "location": "AB11 6BE", "job_title": "Walk my dog", "job_description": "I recently had a surgery on my leg and I cannot exert any effort on it while I rest and recover from it. Since my partner is on the night shift at his work, he also can't take our dog out for her morning walks. My dog is a two years old labrador, and she is very good-tempered.  I would appreicate if someone were able to walk her on the weekday mornings next week.", "posting_time": "2022-11-27T16:33:00Z", "points": 20, "deadline": null, "hidden": false, "assigned": false, "completed": false}}, {"model": "jobs.job", "pk": 2, "fields": {"poster_id": 2, "location": "AB11 2EA", "job_title": "Babysitting", "job_description": "I urgently need a babysitter because the babyminder I hired is sick and and there is no one else at home to take care of my kid as I need to take my mom to a doctor's appointment at the hospital. My son is twelve years old so the Care Inspectorate in Scotland is required for this job.  This hopefully shouldn't take more than two hours!", "posting_time": "2022-11-19T10:32:06Z", "points": 50, "deadline": "2023-05-27", "hidden": false, "assigned": false, "completed": true}}, {"model": "jobs.job", "pk": 3, "fields": {"poster_id": 1, "location": "AB25 2UI", "job_title": "Wall paint job", "job_description": "My children painted on one of the walls in my house with crayon and I want to apply a fresh coat of paint before the holidays roll around and guests come to visit.  If anyone has experience painting walls, I would really appreciate if you could help me do this. I can provide the paint and I am relatively flexible with when the painting can be done.", "posting_time": "2022-11-24T20:54:07Z", "points": 10, "deadline": "2023-05-27", "hidden": false, "assigned": true, "completed": true}}, {"model": "jobs.job", "pk": 4, "fields": {"poster_id": 6, "location": "AB24 3HU", "job_title": "Math tutoring", "job_description": "Hi there! I would like someone to help my daughter with her math coursework on the weekend. She is a third grade student at the local elementary school if that helps you understand the situation better. Right now they are working on basic arithmetic, including the four operations (+, -, *, and /) and their order in PEMDAS problems. She also started learning about fractions so knowing how to explain that would also be useful. Everyone is encouraged to apply, but applicants with previous experiences in tutoring will be prioritized.", "posting_time": "2022-11-21T19:22:55Z", "points": 20, "deadline": "2023-05-20", "hidden": false, "assigned": false, "completed": false}}, {"model": "jobs.job", "pk": 5, "fields": {"poster_id": 1, "location": "AB11 2EY", "job_title": "Weekly shopping", "job_description": "My grandma is a wheelchair user and has other mobility-related disabilities that make it hard for her to do her weekly shopping by herself.  She would like someone who could accompany her to her shopping and help her reach higher shelves and carry her cart. This job would ideally operate on a weekly basis so that she can replenish her stock of food and supplies.", "posting_time": "2022-11-16T14:35:08Z", "points": 10, "deadline": null, "hidden": false, "assigned": true, "completed": false}}, {"model": "jobs.job", "pk": 6, "fields": {"poster_id": 7, "location": "AB24 3HE", "job_title": "Cutting grass", "job_description": "The grass in my front yard has not been trimmed for a long time. The patch is about fifty meters long and ten meters wide. I struggle to control it because I don't have the tools or the energy to maintain it by myself. This job is hard work but can be done within one day.", "posting_time": "2022-11-23T09:22:59Z", "points": 50, "deadline": "2023-06-30", "hidden": false, "assigned": false, "completed": false}}, {"model": "jobs.job", "pk": 7, "fields": {"poster_id": 3, "location": "AB24 3FX", "job_title": "Suit loan", "job_description": "I have an important job interview on Friday.  I would greatly appreciate it if somebody could loan me a suit (ideally something close to a 2.5R measurement) for the interview before Friday afternoon.", "posting_time": "2022-11-25T14:19:45Z", "points": 5, "deadline": "2023-07-08", "hidden": false, "assigned": false, "completed": false}}, {"model": "jobs.job", "pk": 8, "fields": {"poster_id": 1, "location": "AB24 2UU", "job_title": "Parcel collection", "job_description": "I need someone to help me collect my package from the parcel store because I will be out of town for a week-long trip and this was the only time it could be delivered. All I need you to do is to collect the parcel and hold onto it until next Thursday. We can arrange a preferred way of me getting the package from you privately.", "posting_time": "2022-11-26T12:50:20Z", "points": 10, "deadline": "2023-07-26", "hidden": false, "assigned": true, "completed": true}}, {"model": "jobs.job", "pk": 9, "fields": {"poster_id": 2, "location": "AB13 5HQ", "job_title": "Medicine delivery", "job_description": "I have a heartburn emergency! It's uncomfortable but not dangerous. It would be amazing it if someone could pick up my order for antacid tablets at the grocery store on the corner of Bedford Place.  Thank you all in advance!", "posting_time": "2022-11-30T14:34:39Z", "points": 5, "deadline": "2023-07-21", "hidden": false, "assigned": false, "completed": false}}, {"model": "jobs.job", "pk": 10, "fields": {"poster_id": 1, "location": "AB18 6QC", "job_title": "Window repair", "job_description": "After the thunderstorm, a window in my house shattered. I'm very lost at how to repair the window and what supplies I need to get to do it, so if anyone here can help with the doing that please reach out.", "posting_time": "2022-11-30T14:35:22Z", "points": 20, "deadline": "2023-06-05", "hidden": false, "assigned": true, "completed": false}}, {"model": "jobs.job", "pk": 11, "fields": {"poster_id": 17, "location": "AB245QU", "job_title": "Help with homework", "job_description": "I need a qualified teacher to help my son with his homework. He is a second grade pupil. Main subjects are Mathematics and Science. 2 hours couse on Friday.", "posting_time": "2023-03-19T18:30:52.911Z", "points": 24, "deadline": "2023-05-29", "hidden": false, "assigned": false, "completed": false}}, {"model": "jobs.bookmark", "pk": 1, "fields": {"user_id": 1, "job_id": 4, "saving_time": "2022-11-09T16:38:04Z"}}, {"model": "jobs.bookmark", "pk": 2, "fields": {"user_id": 1, "job_id": 1, "saving_time": "2022-11-09T16:38:11Z"}}, {"model": "jobs.bookmark", "pk": 3, "fields": {"user_id": 5, "job_id": 10, "saving_time": "2022-11-30T14:52:32Z"}}, {"model": "jobs.bookmark", "pk": 9, "fields": {"user_id": 3, "job_id": 1, "saving_time": "2023-03-15T17:34:45.921Z"}}, {"model": "jobs.comment", "pk": 1, "fields": {"job_id": 5, "commenter_id": 2, "content": "this is a comment", "post_time": "2023-04-14T10:13:57.967Z"}}, {"model": "jobs.application", "pk": 1, "fields": {"applicant_id": 2, "job_id": 3, "status": "RE", "time_of_application": "2022-11-10T14:39:32.699Z", "time_of_final_status": null}}, {"model": "jobs.application", "pk": 2, "fields": {"applicant_id": 3, "job_id": 3, "status": "DN", "time_of_application": "2022-11-10T14:39:32.699Z", "time_of_final_status": null}}, {"model": "jobs.application", "pk": 3, "fields": {"applicant_id": 4, "job_id": 3, "status": "RE", "time_of_application": "2022-11-10T14:39:32.699Z", "time_of_final_status": null}}, {"model": "jobs.application", "pk": 4, "fields": {"applicant_id": 5, "job_id": 5, "status": "DN", "time_of_application": "2022-11-10T14:39:32.699Z", "time_of_final_status": null}}, {"model": "jobs.application", "pk": 5, "fields": {"applicant_id": 6, "job_id": 5, "status": "WD", "time_of_application": "2022-11-10T14:39:32Z", "time_of_final_status": null}}, {"model": "jobs.application", "pk": 6, "fields": {"applicant_id": 7, "job_id": 5, "status": "RE", "time_of_application": "2022-11-10T14:39:32.699Z", "time_of_final_status": null}}, {"model": "jobs.application", "pk": 7, "fields": {"applicant_id": 1, "job_id": 1, "status": "WD", "time_of_application": "2022-11-30T14:45:44.780Z", "time_of_final_status": null}}, {"model": "jobs.application", "pk": 8, "fields": {"applicant_id": 1, "job_id": 2, "status": "AP", "time_of_application": "2022-11-30T14:49:14.614Z", "time_of_final_status": null}}, {"model": "jobs.application", "pk": 9, "fields": {"applicant_id": 2, "job_id": 5, "status": "AC", "time_of_application": "2022-11-30T19:11:21Z", "time_of_final_status": null}}, {"model": "jobs.application", "pk": 10, "fields": {"applicant_id": 3, "job_id": 10, "status": "AC", "time_of_application": "2022-11-30T19:13:18Z", "time_of_final_status": null}}, {"model": "jobs.application", "pk": 11, "fields": {"applicant_id": 3, "job_id": 9, "status": "AP", "time_of_application": "2023-03-15T17:11:24.163Z", "time_of_final_status": null}}, {"model": "jobs.application", "pk": 12, "fields": {"applicant_id": 3, "job_id": 1, "status": "AP", "time_of_application": "2023-03-15T17:12:51.462Z", "time_of_final_status": null}}, {"model": "jobs.application", "pk": 13, "fields": {"applicant_id": 4, "job_id": 8, "status": "DN", "time_of_application": "2023-03-15T17:13:25.287Z", "time_of_final_status": "2023-03-15T17:13:56.394Z"}}, {"model": "userprofile.user", "pk": 1, "fields": {"password": "pbkdf2_sha256$390000$6rNNckJsDShaisWRh08eV9$pgHEVL/aZlFUaF18hjQbvaMMSqghdLYBja5s0qicREA=", "last_login": "2023-04-28T08:17:10.700Z", "is_superuser": true, "username": "golf", "first_name": "Golf", "last_name": "Team", "email": "golf@golf.com", "is_staff": true, "is_active": true, "date_joined": "2022-11-09T16:22:55Z", "balance": 1000, "frozen_balance": 0, "biography": "Cras bibendum quam pulvinar erat fermentum pharetra. Quisque quam erat, vehicula a efficitur eu, auctor vel dui. Morbi nec enim volutpat, porttitor nulla et, dignissim ex. Maecenas iaculis volutpat nisi at eleifend.", "date_of_birth": "1999-07-23", "verified": true, "guardian": true, "charity": false, "opt_in_emails_application": true, "opt_in_site_application": true, "opt_in_site_applicant": true, "profile_picture": "media/profilepics/golf_ym1grz", "profile_id": "media/ids/empty", "groups": [], "user_permissions": []}}, {"model": "userprofile.user", "pk": 2, "fields": {"password": "pbkdf2_sha256$390000$IRs7zYBGY6fdSOXUDqKDaB$2NfwWrouV0yMGKeDDwhEtHSDRi0WrR7kV6L8neNzBv0=", "last_login": "2023-04-14T10:12:50.769Z", "is_superuser": false, "username": "aaarons", "first_name": "Alex", "last_name": "Aarons", "email": "rostagabor13@gmail.com", "is_staff": true, "is_active": true, "date_joined": "2022-11-09T16:24:01Z", "balance": 5, "frozen_balance": 0, "biography": "Cras rhoncus eu massa non iaculis. Curabitur volutpat quam nec ligula finibus, non luctus augue pellentesque.", "date_of_birth": "2001-05-10", "verified": true, "guardian": true, "charity": false, "opt_in_emails_application": true, "opt_in_site_application": true, "opt_in_site_applicant": true, "profile_picture": "media/profilepics/aaarons_nixoqa", "profile_id": "media/ids/empty", "groups": [], "user_permissions": []}}, {"model": "userprofile.user", "pk": 3, "fields": {"password": "pbkdf2_sha256$390000$JR0xc6yxmH0PsRdArIMbIA$OpE8Pd/dSc69NOsqxPxpKudvVC3J7rXP8Jc9ywZpReo=", "last_login": "2023-03-15T17:08:21.526Z", "is_superuser": false, "username": "bbailey", "first_name": "Beatrice", "last_name": "Bailey", "email": "bbailey@email.com", "is_staff": true, "is_active": true, "date_joined": "2022-11-09T16:26:10Z", "balance": 30, "frozen_balance": 0, "biography": "Vivamus ut tincidunt justo, nec fermentum tellus. Proin sed commodo est, vel finibus sem.", "date_of_birth": "1999-07-28", "verified": true, "guardian": true, "charity": false, "opt_in_emails_application": true, "opt_in_site_application": true, "opt_in_site_applicant": true, "profile_picture": "media/profilepics/bbailey_atwl7n", "profile_id": "media/ids/empty", "groups": [], "user_permissions": []}}, {"model": "userprofile.user", "pk": 4, "fields": {"password": "pbkdf2_sha256$390000$Z4xRZFLsr7QPorKYAdxnVi$/rchg+RIqkyPK3hMRJ+nBOaAmmJHYbqCCDZmqgyJucE=", "last_login": "2023-04-14T10:11:15.347Z", "is_superuser": false, "username": "ccollins", "first_name": "Claire", "last_name": "Collins", "email": "ccollins@email.com", "is_staff": true, "is_active": true, "date_joined": "2022-11-09T16:26:54Z", "balance": 100, "frozen_balance": 0, "biography": "Duis sed est ut ipsum consectetur ultricies. Maecenas euismod purus est, vitae tincidunt felis laoreet sit amet.", "date_of_birth": "1999-07-28", "verified": true, "guardian": true, "charity": false, "opt_in_emails_application": true, "opt_in_site_application": true, "opt_in_site_applicant": true, "profile_picture": "media/profilepics/ccollins_cdzp3v", "profile_id": "media/ids/empty", "groups": [], "user_permissions": []}}, {"model": "userprofile.user", "pk": 5, "fields": {"password": "pbkdf2_sha256$320000$IQf3ocsDzgAWnbkA8xvSjT$RxftrVLpdkdOvmWCIPj6y80uRLEeUXbRQyMaQsZFdBU=", "last_login": "2022-11-24T16:53:47Z", "is_superuser": false, "username": "ddelgado", "first_name": "Duncan", "last_name": "Delgado", "email": "ddelgado@email.com", "is_staff": false, "is_active": true, "date_joined": "2022-11-09T16:27:47Z", "balance": 90, "frozen_balance": 0, "biography": "Vestibulum eu massa ultrices, posuere libero at, convallis nulla. Fusce tristique tellus vel arcu vulputate, et accumsan ligula aliquet.", "date_of_birth": "2000-09-01", "verified": true, "guardian": false, "charity": false, "opt_in_emails_application": true, "opt_in_site_application": true, "opt_in_site_applicant": true, "profile_picture": "media/profilepics/ddelgado_krd2kq", "profile_id": "media/ids/empty", "groups": [], "user_permissions": []}}, {"model": "userprofile.user", "pk": 6, "fields": {"password": "pbkdf2_sha256$390000$iEmiciu4kqozzCXzDdIplS$cn2lOhnVVFnDgGxuyWpE0QK9Xf2HXs0pMzafPO6wawM=", "last_login": null, "is_superuser": false, "username": "eearl", "first_name": "Erica", "last_name": "Earl", "email": "eerl@email.com", "is_staff": false, "is_active": true, "date_joined": "2022-11-09T16:28:35Z", "balance": 80, "frozen_balance": 0, "biography": "Cras efficitur placerat imperdiet. Nulla maximus vehicula sapien, ac pretium odio hendrerit eu.", "date_of_birth": "1999-12-08", "verified": true, "guardian": false, "charity": false, "opt_in_emails_application": true, "opt_in_site_application": true, "opt_in_site_applicant": true, "profile_picture": "media/profilepics/eearl_mrqgns", "profile_id": "media/ids/empty", "groups": [], "user_permissions": []}}, {"model": "userprofile.user", "pk": 7, "fields": {"password": "pbkdf2_sha256$390000$7Y33JT9vkhf7JG1SJu7BJ6$1xAKPBZ4ZRZ8kGj9tF3NjwoQzbcKRqZhbPNS4kEGZ/k=", "last_login": "2023-03-15T17:17:28.566Z", "is_superuser": false, "username": "fforbes", "first_name": "Flora", "last_name": "Forbes", "email": "fforbes@email.com", "is_staff": false, "is_active": true, "date_joined": "2022-11-09T16:29:12Z", "balance": 50, "frozen_balance": 0, "biography": "Suspendisse sed consectetur diam. Class aptent taciti sociosqu ad litora torquent per conubia nostra, per inceptos himenaeos.", "date_of_birth": "1999-01-23", "verified": true, "guardian": false, "charity": false, "opt_in_emails_application": true, "opt_in_site_application": true, "opt_in_site_applicant": true, "profile_picture": "media/profilepics/fforbes_njb73v", "profile_id": "media/ids/empty", "groups": [], "user_permissions": []}}, {"model": "userprofile.user", "pk": 8, "fields": {"password": "pbkdf2_sha256$390000$d9m6ZnayAvBNcuJpmagGNh$EdXf/5WiP31gfEQDF4khVZA4kZzFCJmnU157s8JPFdE=", "last_login": "2023-04-14T09:12:13.073Z", "is_superuser": false, "username": "stanimals", "first_name": "Save The Animals", "last_name": "", "email": "contact@savetheanimals.com", "is_staff": false, "is_active": true, "date_joined": "2023-03-13T20:05:47Z", "balance": 24, "frozen_balance": 0, "biography": "We are a charity dedicated to helping the conservation of native animal species in the North East.", "date_of_birth": null, "verified": true, "guardian": false, "charity": true, "opt_in_emails_application": true, "opt_in_site_application": true, "opt_in_site_applicant": true, "profile_picture": "profilepics/default", "profile_id": "", "groups": [], "user_permissions": []}}, {"model": "userprofile.user", "pk": 9, "fields": {"password": "pbkdf2_sha256$390000$k5uOg2ZCnb0ltFpmcu5myd$rzfQQxQ886HDModGN2OCDAgav5EQcVri5jjT2OSdWIY=", "last_login": null, "is_superuser": false, "username": "students4students", "first_name": "Students 4 Students", "last_name": "", "email": "info@sfors.com", "is_staff": false, "is_active": true, "date_joined": "2023-03-13T20:57:34Z", "balance": 24, "frozen_balance": 0, "biography": "We help other students grow their academic skills.", "date_of_birth": null, "verified": true, "guardian": false, "charity": true, "opt_in_emails_application": true, "opt_in_site_application": true, "opt_in_site_applicant": true, "profile_picture": "profilepics/default", "profile_id": "", "groups": [], "user_permissions": []}}, {"model": "userprofile.user", "pk": 10, "fields": {"password": "pbkdf2_sha256$390000$laDDeqqBhJM7NH4S8fXeR0$w7EGxwAEPCTpspy7hNyHHFAxvi8YgjaUau3kd5gCRmw=", "last_login": "2023-03-15T20:38:41.913Z", "is_superuser": false, "username": "TrumbullsMarcus", "first_name": "Marcus", "last_name": "Campbell", "email": "marcus@gormley.com", "is_staff": false, "is_active": true, "date_joined": "2023-03-15T19:00:13Z", "balance": 80, "frozen_balance": 0, "biography": "[Jobs and Applications Feedback User] Came to the city for the fishing scene. Sticking around a bit longer than intended and felt like lending a hand.", "date_of_birth": "1990-01-19", "verified": false, "guardian": false, "charity": false, "opt_in_emails_application": true, "opt_in_site_application": true, "opt_in_site_applicant": true, "profile_picture": "profilepics/default", "profile_id": "media/ids/MarcusCampbell_ou4gxb", "groups": [], "user_permissions": []}}, {"model": "userprofile.user", "pk": 11, "fields": {"password": "pbkdf2_sha256$390000$Mt2HjulDiCetMXX3NyeGtv$Lj1+BeNiqEHXvhg4dwQ5bTcb4Vc/CYaby5Nim/Vlgrc=", "last_login": "2023-03-15T20:39:22.703Z", "is_superuser": false, "username": "LeonKennedy", "first_name": "Leon", "last_name": "Kennedy", "email": "leon22@stratcom.com", "is_staff": false, "is_active": true, "date_joined": "2023-03-15T19:07:17Z", "balance": 80, "frozen_balance": 0, "biography": "[Jobs and Applications Feedback User] Retired police officer looking to serve the community once more.", "date_of_birth": "1977-01-25", "verified": true, "guardian": false, "charity": false, "opt_in_emails_application": true, "opt_in_site_application": true, "opt_in_site_applicant": true, "profile_picture": "profilepics/default", "profile_id": "media/ids/LeonKennedy_czwqir", "groups": [], "user_permissions": []}}, {"model": "userprofile.user", "pk": 12, "fields": {"password": "pbkdf2_sha256$390000$wnMy9ePr2x2hYsXCgm22R0$+0M0002uXG4Ahd2TPz3rhI04ILQnQ5clWJ02uJ8LGDM=", "last_login": "2023-03-15T20:39:45.844Z", "is_superuser": false, "username": "AliCons2001", "first_name": "Ali", "last_name": "Conners", "email": "ali@a.com", "is_staff": false, "is_active": true, "date_joined": "2023-03-15T19:09:06Z", "balance": 80, "frozen_balance": 0, "biography": "[Jobs and Applications Feedback User] I work at a video rental store. Business has been slow recently and therefore I have more time on my hands than I know what to do with. I would love to dedicate some of this time to helping out the community.", "date_of_birth": "2001-05-14", "verified": true, "guardian": false, "charity": false, "opt_in_emails_application": true, "opt_in_site_application": true, "opt_in_site_applicant": true, "profile_picture": "profilepics/default", "profile_id": "media/ids/AliConners_vvijpx", "groups": [], "user_permissions": []}}, {"model": "userprofile.user", "pk": 13, "fields": {"password": "pbkdf2_sha256$390000$GaaDUhR3EqqzcxivpWY6Tk$yqjPTEHcK234vqFC5l+NiEhkgy4cruBWp9Kha+GDKlI=", "last_login": "2023-03-15T20:46:36.540Z", "is_superuser": false, "username": "TheFandango", "first_name": "Manuel", "last_name": "Calavera", "email": "manny@grim.com", "is_staff": false, "is_active": true, "date_joined": "2023-03-15T20:31:52Z", "balance": 80, "frozen_balance": 0, "biography": "[Jobs and Applications Feedback User] Been working in this city for many years now. It's time I branched out and tried new things, this site seems like the perfect place to do that.", "date_of_birth": "1998-10-30", "verified": false, "guardian": false, "charity": false, "opt_in_emails_application": true, "opt_in_site_application": true, "opt_in_site_applicant": true, "profile_picture": "profilepics/default", "profile_id": "media/ids/TheFandango_hvqigz", "groups": [], "user_permissions": []}}, {"model": "userprofile.user", "pk": 14, "fields": {"password": "pbkdf2_sha256$390000$vzCQFoNQqUmJFtdZKfDwmN$E4zTLpSUFv1Wdw/DvJ/w6pS91tobDd/OU34/n2RDxIU=", "last_login": "2023-04-14T10:57:09.162Z", "is_superuser": true, "username": "Jackson", "first_name": "Jackson", "last_name": "Wang", "email": "Jackson@email.com", "is_staff": false, "is_active": true, "date_joined": "2023-03-19T17:49:33Z", "balance": 24, "frozen_balance": 0, "biography": "Reporting feedback user", "date_of_birth": "2000-01-01", "verified": true, "guardian": true, "charity": false, "opt_in_emails_application": true, "opt_in_site_application": true, "opt_in_site_applicant": true, "profile_picture": "profilepics/default", "profile_id": "media/ids/Jackson_wtn5my", "groups": [], "user_permissions": []}}, {"model": "userprofile.user", "pk": 15, "fields": {"password": "pbkdf2_sha256$390000$7wkZv2QVNpog9pkYPmZabb$IenzzFyaJSFfbgazQE0nXIX44xd+xQ3JoSJuaxImvEk=", "last_login": "2023-04-14T10:55:33.180Z", "is_superuser": false, "username": "Vikon", "first_name": "Vikon", "last_name": "Chow", "email": "Vikon@email.com", "is_staff": false, "is_active": true, "date_joined": "2023-03-19T17:50:24Z", "balance": 24, "frozen_balance": 0, "biography": "Reporting feedback user", "date_of_birth": "2000-01-01", "verified": false, "guardian": true, "charity": false, "opt_in_emails_application": true, "opt_in_site_application": true, "opt_in_site_applicant": true, "profile_picture": "profilepics/default", "profile_id": "media/ids/Vikon_xibvtc", "groups": [], "user_permissions": []}}, {"model": "userprofile.user", "pk": 16, "fields": {"password": "pbkdf2_sha256$390000$2jrrQKGJ6eeFCBr6gBEnyh$1/mcMLhgFm9xjAFtWy9S5tHwec97zetkZcEIudazJjM=", "last_login": null, "is_superuser": false, "username": "VolunteerBeat", "first_name": "Volunteer", "last_name": "Beat", "email": "Beat@email.com", "is_staff": false, "is_active": true, "date_joined": "2023-03-19T17:50:53Z", "balance": 24, "frozen_balance": 0, "biography": "Reporting feedback user", "date_of_birth": "2000-01-01", "verified": false, "guardian": true, "charity": false, "opt_in_emails_application": true, "opt_in_site_application": true, "opt_in_site_applicant": true, "profile_picture": "profilepics/default", "profile_id": "media/ids/VolunteerBeat_zdapg6", "groups": [], "user_permissions": []}}, {"model": "userprofile.user", "pk": 17, "fields": {"password": "pbkdf2_sha256$390000$9KjD0Bz4hcHwGq68OODX3S$V2wpx6pY4VSW8omMHhJXoScTreNvbLzkzTap5v39JOw=", "last_login": "2023-03-20T01:00:12Z", "is_superuser": false, "username": "Zayn", "first_name": "Zayn", "last_name": "kijsum", "email": "Zayn@email.com", "is_staff": false, "is_active": true, "date_joined": "2023-03-19T17:51:20Z", "balance": 24, "frozen_balance": 0, "biography": "Reported user", "date_of_birth": "2000-01-01", "verified": true, "guardian": false, "charity": false, "opt_in_emails_application": true, "opt_in_site_application": true, "opt_in_site_applicant": true, "profile_picture": "profilepics/default", "profile_id": "media/ids/Zayn_xgm3pf", "groups": [], "user_permissions": []}}, {"model": "userprofile.user", "pk": 18, "fields": {"password": "pbkdf2_sha256$390000$g5U3vGVv9WCgW68SCV8u10$vCbOXLD1iHTDnc3V4RqtA+941f2moMx64vbrNFYhea8=", "last_login": "2023-03-19T18:32:37Z", "is_superuser": false, "username": "Charlotte", "first_name": "Charlotte", "last_name": "Lawrence", "email": "Charlotte@email.com", "is_staff": false, "is_active": true, "date_joined": "2023-03-19T17:51:59Z", "balance": 24, "frozen_balance": 0, "biography": "Reporting user", "date_of_birth": "2000-01-01", "verified": false, "guardian": false, "charity": false, "opt_in_emails_application": true, "opt_in_site_application": true, "opt_in_site_applicant": true, "profile_picture": "profilepics/default", "profile_id": "media/ids/Charlotte_edpyol", "groups": [], "user_permissions": []}}, {"model": "userprofile.user", "pk": 19, "fields": {"password": "pbkdf2_sha256$390000$m3az6CPKog3mZeVvJgJAJH$L8klaJxVO3xr9cRkEM4mQu31hmOhi/CZgRi7md0dGx4=", "last_login": "2023-04-14T10:58:11.735Z", "is_superuser": false, "username": "aidoo", "first_name": "I", "last_name": "do", "email": "ido@aidoo.com", "is_staff": false, "is_active": true, "date_joined": "2023-04-14T09:21:22Z", "balance": 96, "frozen_balance": 0, "biography": "Aidoo acts as a bridge between areas in need of help and people seeking to give back to the community.", "date_of_birth": "2001-09-01", "verified": true, "guardian": true, "charity": false, "opt_in_emails_application": true, "opt_in_site_application": true, "opt_in_site_applicant": true, "profile_picture": "profilepics/default", "profile_id": "media/ids/aidoo_xjkpve", "groups": [], "user_permissions": []}}, {"model": "userprofile.notification", "pk": 1, "fields": {"user_id": 2, "title": "Job is ready", "content": "You can now choose an applicant for the job: Medicine delivery", "link": "/profile/me", "seen": true, "time_of_notification": "2023-03-15T17:11:24.168Z"}}, {"model": "userprofile.notification", "pk": 2, "fields": {"user_id": 4, "title": "Job is ready", "content": "You can now choose an applicant for the job: Walk my dog", "link": "/profile/me", "seen": false, "time_of_notification": "2023-03-15T17:12:51.468Z"}}, {"model": "userprofile.notification", "pk": 3, "fields": {"user_id": 1, "title": "Job is ready", "content": "You can now choose an applicant for the job: Parcel collection", "link": "/profile/me", "seen": false, "time_of_notification": "2023-03-15T17:13:25.292Z"}}, {"model": "userprofile.notification", "pk": 4, "fields": {"user_id": 4, "title": "Application Update", "content": "You've been accepted for the job: Parcel collection", "link": "/jobs/8", "seen": false, "time_of_notification": "2023-03-15T17:13:47.807Z"}}, {"model": "userprofile.notification", "pk": 5, "fields": {"user_id": 2, "title": "Application Update", "content": "You've been accepted for the job: Weekly shopping", "link": "/jobs/5", "seen": true, "time_of_notification": "2023-04-14T10:11:48.344Z"}}, {"model": "userprofile.notification", "pk": 6, "fields": {"user_id": 1, "title": "New purchase", "content": "Thank you for buying 1-month free pass. Check your email for the redeemable QR code.", "link": "", "seen": false, "time_of_notification": "2023-04-14T10:34:55.827Z"}}, {"model": "userprofile.notification", "pk": 7, "fields": {"user_id": 1, "title": "New purchase", "content": "Thank you for buying Snack bag. Check your email for the redeemable QR code.", "link": "", "seen": false, "time_of_notification": "2023-04-14T10:43:04.610Z"}}, {"model": "userprofile.notification", "pk": 8, "fields": {"user_id": 14, "title": "New Guardian assignment", "content": "You have been assigned to a new Guardian task. Please review the evidence and provide your response promptly.", "link": "/superadmin/", "seen": false, "time_of_notification": "2023-04-14T10:54:00.142Z"}}, {"model": "userprofile.notification", "pk": 9, "fields": {"user_id": 19, "title": "New Guardian assignment", "content": "You have been assigned to a new Guardian task. Please review the evidence and provide your response promptly.", "link": "/superadmin/", "seen": false, "time_of_notification": "2023-04-14T10:54:00.151Z"}}, {"model": "userprofile.notification", "pk": 10, "fields": {"user_id": 15, "title": "New Guardian assignment", "content": "You have been assigned to a new Guardian task. Please review the evidence and provide your response promptly.", "link": "/superadmin/", "seen": false, "time_of_notification": "2023-04-14T10:54:00.158Z"}}, {"model": "userprofile.notification", "pk": 11, "fields": {"user_id": 1, "title": "New purchase", "content": "Thank you for buying Snack bag. Check your email for the redeemable QR code.", "link": "", "seen": false, "time_of_notification": "2023-04-28T08:18:07.512Z"}}, {"model": "chat.room", "pk": 1, "fields": {"user_1": 2, "user_2": 1, "creation_time": "2023-02-13T10:54:15Z"}}, {"model": "chat.room", "pk": 2, "fields": {"user_1": 1, "user_2": 3, "creation_time": "2023-02-13T10:54:20Z"}}, {"model": "chat.room", "pk": 3, "fields": {"user_1": 1, "user_2": 5, "creation_time": "2023-02-27T10:08:36.640Z"}}, {"model": "chat.message", "pk": 1, "fields": {"room_id": 1, "user_id": 2, "content": "Test 1", "date_time": "2023-02-20T10:43:58Z"}}, {"model": "chat.message", "pk": 2, "fields": {"room_id": 1, "user_id": 1, "content": "Test 2", "date_time": "2023-02-20T10:44:14Z"}}, {"model": "chat.message", "pk": 3, "fields": {"room_id": 1, "user_id": 1, "content": "pm", "date_time": "2023-04-04T21:50:03.001Z"}}, {"model": "chat.message", "pk": 4, "fields": {"room_id": 1, "user_id": 1, "content": "test notification", "date_time": "2023-04-14T10:13:00.152Z"}}, {"model": "chat.message", "pk": 5, "fields": {"room_id": 1, "user_id": 2, "content": "nooooooooo", "date_time": "2023-04-14T10:13:16.333Z"}}, {"model": "store.item", "pk": 1, "fields": {"item_name": "Coffee voucher", "description": "10% discount on a cup of coffee at the local coffee shop.", "price": 40, "stock": 20, "on_offer": true, "limit_per_user": null, "item_picture": "media/storeitem/coffee-voucher_sw58bs"}}, {"model": "store.item", "pk": 2, "fields": {"item_name": "Language class", "description": "First lesson at a language school free", "price": 100, "stock": 2, "on_offer": true, "limit_per_user": 2, "item_picture": "media/storeitem/language-class_y6ctke"}}, {"model": "store.item", "pk": 3, "fields": {"item_name": "Snack bag", "description": "Get a bag full of treats from a local bakery. The goods are soon to be expired items, for limited time only", "price": 15, "stock": 8, "on_offer": true, "limit_per_user": 1, "item_picture": "media/storeitem/snack-bag_td1vmr"}}, {"model": "store.item", "pk": 4, "fields": {"item_name": "Pizza slice", "description": "Reward for the good job you've done! Pick a free slice of pizza with any topping.", "price": 25, "stock": 25, "on_offer": true, "limit_per_user": 5, "item_picture": "media/storeitem/pizza-slice_yyav33"}}, {"model": "store.item", "pk": 5, "fields": {"item_name": "1-month free pass", "description": "Free pass to most museums, galleries and attractions in the region of Aberdeen", "price": 150, "stock": 4, "on_offer": true, "limit_per_user": 1, "item_picture": "media/storeitem/1-month-free-pass_nw8jbt"}}, {"model": "store.item", "pk": 6, "fields": {"item_name": "Book of your choice", "description": "Pick a second-hand book for free", "price": 80, "stock": 20, "on_offer": true, "limit_per_user": 5, "item_picture": "media/storeitem/book-of-your-choice_jstz1a"}}, {"model": "store.sale", "pk": 1, "fields": {"purchase": 5, "buyer": 1, "quantity": 1, "redeemed": true, "time_of_sale": "2023-04-14T10:34:53.671Z"}}, {"model": "store.sale", "pk": 2, "fields": {"purchase": 3, "buyer": 1, "quantity": 1, "redeemed": true, "time_of_sale": "2023-04-14T10:43:03.615Z"}}, {"model": "store.sale", "pk": 3, "fields": {"purchase": 3, "buyer": 1, "quantity": 1, "redeemed": false, "time_of_sale": "2023-04-28T08:18:05.934Z"}}, {"model": "store.moderation", "pk": 2, "fields": {"bank": 0, "ticket_payout": 2, "frozen_bank": 0, "chat_deletion": true}}, {"model": "store.moderation", "pk": 1, "fields": {"bank": 174, "ticket_payout": 2, "frozen_bank": 6, "chat_deletion": true}}, {"model": "superadmin.report", "pk": 1, "fields": {"reported_job": 1, "reported_user": 4, "reporting_user": 1, "complaint": "The description contains profane words.", "reporting_time": "2023-04-14T10:54:00.121Z", "last_update_time": "2023-04-14T10:54:00.121Z", "status": "Ticketed", "type": "Job", "answer": null}}, {"model": "superadmin.reportticket", "pk": 1, "fields": {"report_id": 1, "user_id": 14, "answer": "BA", "time_assigned": "2023-04-14T10:54:00.138Z", "status": "RE"}}, {"model": "superadmin.reportticket", "pk": 2, "fields": {"report_id": 1, "user_id": 19, "answer": null, "time_assigned": "2023-04-14T10:54:00.148Z", "status": "OP"}}, {"model": "superadmin.reportticket", "pk": 3, "fields": {"report_id": 1, "user_id": 15, "answer": "BA", "time_assigned": "2023-04-14T10:54:00.155Z", "status": "RE"}}]
